Age,Gender,BMI,Glucose,BloodPressure,Insulin,HbA1c,PhysicalActivity,FamilyHistory,Diabetes
39,Male,23.7,143.0,113.0,133.0,5.4,Medium,No,1
49,Male,27.1,113.0,158.0,129.0,5.2,High,No,0
36,Female,29.0,95.0,122.0,114.0,4.5,High,No,0
70,Female,28.0,115.0,81.0,104.0,5.3,High,No,0
33,Female,27.7,105.0,137.0,,5.6,High,No,0
34,Male,22.7,,112.0,78.0,4.7,High,Yes,0
72,Female,33.6,142.0,155.0,103.0,6.3,High,Yes,1
58,Male,26.8,,152.0,119.0,4.9,High,Yes,0
26,Male,34.2,151.0,114.0,152.0,6.5,,No,1
47,Male,29.9,111.0,137.0,129.0,5.3,High,No,0
37,Male,20.1,128.0,139.0,133.0,4.9,Low,No,1
35,Male,28.8,123.0,132.0,150.0,5.2,Medium,No,0
65,Female,24.0,113.0,137.0,143.0,4.8,Medium,No,0
21,Female,24.9,146.0,124.0,,5.9,Medium,Yes,1
71,Male,22.7,154.0,158.0,77.0,5.8,Medium,No,1
54,Male,27.9,133.0,,167.0,5.3,Medium,No,1
24,Male,24.2,124.0,147.0,162.0,5.4,Medium,No,0
54,Male,20.1,147.0,,172.0,5.7,Medium,Yes,1
58,Male,20.1,154.0,140.0,67.0,,Medium,No,1
50,Female,30.2,119.0,158.0,182.0,5.4,Medium,No,1
45,Male,34.6,141.0,154.0,202.0,5.9,Medium,No,1
69,Female,29.0,198.0,173.0,120.0,6.5,Low,No,1
43,Female,21.9,121.0,142.0,131.0,4.5,Medium,Yes,1
79,Female,31.6,153.0,,139.0,6.5,High,Yes,1
64,Male,25.8,157.0,151.0,127.0,5.8,Low,No,1
61,Female,29.6,119.0,160.0,156.0,5.1,High,No,0
36,Female,28.1,138.0,138.0,72.0,6.4,High,Yes,1
33,Female,25.3,118.0,144.0,105.0,5.8,Medium,No,0
38,Female,27.2,118.0,124.0,159.0,5.5,Low,Yes,1
36,Female,34.5,185.0,138.0,146.0,6.8,Medium,Yes,1
44,Male,30.7,177.0,143.0,196.0,6.3,Low,Yes,1
55,Male,48.4,118.0,145.0,80.0,4.8,Medium,,1
25,Female,26.5,150.0,135.0,162.0,5.5,Medium,Yes,1
35,Female,21.5,130.0,125.0,187.0,4.8,Low,Yes,1
57,Male,17.0,120.0,144.0,123.0,4.7,Low,No,0
39,Male,28.0,137.0,131.0,209.0,5.8,Low,No,1
78,Male,28.4,130.0,170.0,163.0,5.6,Medium,No,1
47,Male,22.8,144.0,148.0,61.0,6.1,Low,Yes,1
42,Female,25.5,147.0,156.0,116.0,5.9,Medium,Yes,1
71,Male,21.2,130.0,143.0,79.0,5.5,High,No,1
69,Female,31.7,116.0,,,5.7,High,No,1
59,Male,24.4,128.0,159.0,97.0,5.4,High,Yes,1
54,Female,27.1,133.0,141.0,175.0,5.7,Medium,No,1
60,Male,30.5,150.0,148.0,143.0,6.2,Medium,No,1
76,Male,27.6,162.0,163.0,192.0,,Medium,No,1
24,Female,27.3,139.0,145.0,173.0,5.4,High,No,1
56,Male,30.7,136.0,162.0,126.0,5.1,High,No,1
30,Female,25.5,123.0,150.0,137.0,5.8,High,No,0
56,Male,29.3,165.0,145.0,225.0,5.9,,Yes,1
55,Female,21.3,122.0,145.0,61.0,4.9,Medium,Yes,1
73,Male,19.8,136.0,161.0,100.0,5.3,Medium,No,1
38,Male,28.7,141.0,157.0,186.0,5.7,Low,Yes,1
42,Male,31.0,139.0,151.0,177.0,6.0,Medium,No,1
39,Female,30.0,162.0,140.0,149.0,5.5,Low,Yes,1
48,Female,29.1,149.0,137.0,771.0,6.1,Medium,Yes,1
29,Male,28.7,109.0,130.0,144.0,,High,No,0
56,Male,,146.0,143.0,107.0,6.7,Medium,No,1
46,Female,22.2,152.0,113.0,146.0,6.1,Low,No,1
47,Male,25.8,122.0,126.0,126.0,6.6,High,No,1
82,Male,26.8,164.0,152.0,109.0,5.6,Medium,,1
38,Female,26.8,148.0,126.0,132.0,5.8,Low,No,1
52,Female,20.8,133.0,155.0,184.0,5.0,Medium,No,1
65,Male,24.9,173.0,155.0,,6.7,Low,No,1
30,Female,26.4,134.0,111.0,63.0,5.6,High,Yes,1
46,Male,22.8,139.0,151.0,117.0,5.5,High,Yes,1
48,Male,32.5,141.0,133.0,79.0,6.2,Low,No,1
43,Female,20.2,106.0,150.0,166.0,5.2,High,No,0
48,Female,26.5,132.0,155.0,132.0,5.7,Medium,No,1
50,Male,26.6,143.0,147.0,144.0,6.3,Medium,Yes,1
52,Female,21.3,133.0,147.0,91.0,5.3,Medium,No,1
50,Female,29.1,160.0,151.0,135.0,6.1,Low,No,1
30,Male,24.4,115.0,127.0,64.0,5.0,Medium,No,0
76,Female,23.8,147.0,156.0,106.0,5.9,Medium,Yes,1
52,Female,20.9,136.0,157.0,117.0,5.6,High,Yes,1
37,Female,31.2,,139.0,,5.6,High,No,0
53,Male,24.5,139.0,149.0,62.0,6.1,High,No,1
59,Male,28.7,146.0,152.0,117.0,6.0,Medium,No,1
63,Female,22.9,154.0,129.0,65.0,5.9,Low,No,1
42,Male,18.3,124.0,156.0,122.0,5.0,Low,No,0
45,Female,22.8,134.0,135.0,63.0,5.0,Medium,No,1
43,Male,22.0,134.0,139.0,180.0,5.0,Medium,Yes,1
26,Male,28.9,146.0,130.0,130.0,6.1,Low,Yes,1
83,Male,28.3,151.0,164.0,189.0,5.3,Medium,No,1
56,Male,22.6,144.0,155.0,108.0,5.6,Low,No,1
45,Female,28.6,142.0,,131.0,6.2,Medium,Yes,1
67,Male,32.1,169.0,160.0,127.0,5.9,Medium,Yes,1
58,Male,29.6,154.0,155.0,93.0,6.1,Medium,No,1
53,Female,28.1,146.0,155.0,80.0,5.1,Low,Yes,1
61,Male,27.6,134.0,127.0,186.0,5.4,High,No,1
36,Female,,143.0,132.0,48.0,5.7,Low,Yes,1
35,Female,19.1,130.0,135.0,158.0,5.9,Medium,No,1
65,Female,17.0,115.0,143.0,104.0,5.1,High,No,0
63,Male,19.4,128.0,136.0,68.0,8.9,High,No,1
61,Male,25.0,126.0,151.0,82.0,5.1,Low,No,1
43,Female,22.8,136.0,154.0,151.0,5.5,Low,No,1
44,Male,17.6,131.0,130.0,,5.2,Medium,No,1
73,Male,33.6,137.0,153.0,131.0,5.9,High,No,1
52,Male,20.6,171.0,146.0,171.0,6.2,Medium,Yes,1
61,Female,28.6,141.0,149.0,61.0,5.7,High,No,1
43,Male,24.5,167.0,129.0,171.0,6.6,Medium,Yes,1
43,Female,17.0,116.0,146.0,49.0,5.0,Medium,No,0
38,Male,23.5,141.0,137.0,149.0,5.7,Low,No,1
83,Female,22.3,136.0,152.0,126.0,5.0,Medium,No,1
34,Female,22.3,124.0,123.0,134.0,7.9,Medium,No,1
41,Female,23.3,145.0,137.0,89.0,5.4,Low,No,1
85,Male,22.9,147.0,166.0,135.0,5.6,Low,No,1
55,Female,,147.0,149.0,159.0,6.1,Low,No,1
76,Male,18.5,,154.0,67.0,5.5,Medium,Yes,0
64,Male,29.8,137.0,142.0,97.0,5.9,Low,No,1
85,Female,31.9,129.0,158.0,141.0,5.5,High,No,1
52,Male,31.4,132.0,142.0,104.0,5.6,Medium,No,1
39,Female,17.0,,138.0,150.0,5.6,Low,Yes,0
43,Female,31.1,121.0,146.0,100.0,5.1,Medium,No,1
33,Female,27.3,148.0,139.0,199.0,6.6,Low,No,1
48,Male,23.1,146.0,152.0,161.0,5.6,Medium,No,1
84,Female,26.4,153.0,149.0,91.0,5.7,Low,No,1
49,Male,27.1,125.0,149.0,89.0,5.9,High,No,0
49,Male,20.5,139.0,154.0,164.0,5.5,Medium,No,1
35,Male,30.5,109.0,129.0,147.0,4.8,Medium,No,0
57,Male,28.3,143.0,137.0,146.0,5.9,Medium,Yes,1
25,Female,24.0,142.0,126.0,107.0,6.3,Low,Yes,1
54,Male,30.2,127.0,138.0,115.0,5.5,Medium,No,1
76,Male,25.7,132.0,158.0,91.0,6.0,Low,No,1
46,Male,25.4,,,184.0,11.0,Medium,No,1
67,Male,23.1,132.0,142.0,548.0,5.2,High,Yes,1
22,Male,28.3,185.0,149.0,192.0,7.0,Low,No,1
49,Male,31.6,147.0,144.0,152.0,6.2,Medium,No,1
18,Male,30.6,118.0,123.0,116.0,5.7,Medium,Yes,1
61,Male,26.9,133.0,172.0,140.0,5.5,High,Yes,1
52,Male,24.8,103.0,128.0,99.0,5.1,,No,0
22,Male,25.4,139.0,113.0,106.0,5.3,,No,1
50,Female,30.4,123.0,141.0,66.0,6.2,Medium,No,1
73,Female,28.3,184.0,159.0,105.0,5.8,Medium,No,1
53,Male,30.8,165.0,139.0,124.0,6.1,Medium,Yes,1
39,Male,27.6,137.0,147.0,101.0,5.9,Medium,Yes,1
38,Female,30.4,127.0,148.0,123.0,6.5,Medium,No,1
32,Male,27.8,154.0,130.0,144.0,5.8,Medium,Yes,1
54,Female,29.8,160.0,139.0,162.0,5.9,Low,Yes,1
47,Female,25.4,126.0,135.0,80.0,4.5,Medium,No,1
52,Female,21.8,114.0,152.0,133.0,4.8,Medium,Yes,1
32,Female,22.7,123.0,124.0,158.0,5.6,Medium,No,0
66,Male,30.7,161.0,153.0,,5.7,Low,No,1
56,Male,30.0,155.0,153.0,,5.7,Medium,No,1
53,Male,27.1,167.0,150.0,185.0,5.9,Medium,No,1
32,Female,34.4,160.0,133.0,166.0,6.0,Medium,No,1
62,Male,26.9,106.0,156.0,81.0,4.5,High,No,0
50,Female,17.0,132.0,132.0,81.0,5.1,Medium,No,1
58,Female,25.4,128.0,132.0,92.0,5.3,Medium,No,1
50,Female,28.9,133.0,82.0,143.0,5.4,High,No,1
54,Male,37.3,136.0,154.0,240.0,5.4,High,Yes,1
48,Female,23.4,115.0,130.0,743.0,4.4,Medium,No,0
32,Male,31.8,125.0,,167.0,4.9,,No,0
50,Male,20.6,154.0,146.0,159.0,5.6,Low,No,1
48,Female,24.8,128.0,138.0,164.0,5.2,Medium,No,1
58,Female,26.9,168.0,141.0,170.0,5.9,Medium,No,1
48,Female,25.2,124.0,138.0,122.0,5.0,Low,Yes,1
38,Male,35.9,138.0,122.0,129.0,6.1,Medium,No,1
39,Male,18.9,116.0,201.0,91.0,4.6,Medium,Yes,1
45,Male,29.5,135.0,128.0,142.0,5.6,Low,No,1
36,Male,27.7,113.0,137.0,38.0,5.4,Medium,Yes,1
44,Male,29.0,127.0,119.0,117.0,5.7,Medium,No,1
52,Female,24.2,,138.0,73.0,5.7,Low,No,0
49,Male,21.1,145.0,128.0,,5.7,Medium,No,1
44,Male,25.8,125.0,146.0,149.0,6.0,Medium,No,0
32,Female,25.6,146.0,127.0,149.0,5.8,Medium,Yes,1
68,Female,24.0,147.0,161.0,186.0,5.4,Medium,No,1
50,Male,17.7,106.0,127.0,130.0,5.5,High,No,0
27,Female,25.6,120.0,123.0,114.0,5.1,Medium,No,0
44,Male,27.4,137.0,125.0,208.0,5.7,Low,No,1
41,Female,25.2,151.0,143.0,114.0,5.9,Medium,No,1
50,Male,29.1,148.0,147.0,140.0,5.5,High,Yes,1
48,Male,22.4,118.0,136.0,185.0,4.8,Medium,No,0
55,Female,28.0,,159.0,167.0,6.0,Medium,No,0
47,Male,18.9,126.0,139.0,37.0,5.1,Low,No,1
44,Male,17.7,127.0,145.0,160.0,4.9,Low,No,1
33,Female,26.8,136.0,144.0,106.0,5.3,Medium,Yes,1
30,Male,32.8,112.0,130.0,146.0,5.4,High,No,0
63,Female,31.2,127.0,150.0,73.0,5.5,,No,1
52,Female,,106.0,152.0,118.0,5.4,High,Yes,0
70,Male,18.7,133.0,139.0,132.0,5.2,,Yes,1
76,Female,24.3,143.0,143.0,112.0,5.6,Medium,No,1
56,Female,23.9,124.0,167.0,114.0,5.7,High,No,0
49,Male,29.7,170.0,141.0,151.0,6.1,Low,No,1
42,Female,46.4,145.0,126.0,133.0,6.1,High,Yes,1
35,Male,21.1,116.0,143.0,172.0,5.2,Medium,Yes,1
59,Male,,136.0,150.0,115.0,5.1,High,Yes,1
32,Female,17.2,114.0,139.0,123.0,5.1,Medium,No,0
54,Female,25.0,137.0,140.0,189.0,5.3,Low,No,1
43,Male,17.0,139.0,73.0,148.0,5.8,Medium,No,1
32,Male,21.7,125.0,123.0,121.0,5.2,High,No,0
57,Female,28.9,152.0,136.0,158.0,,Medium,No,1
26,Male,17.9,128.0,126.0,125.0,5.2,Low,No,1
67,Female,34.1,171.0,177.0,168.0,6.4,Medium,Yes,1
68,Male,,136.0,85.0,98.0,5.3,Medium,Yes,1
57,Male,24.7,151.0,150.0,153.0,5.9,Medium,Yes,1
72,Female,22.4,110.0,163.0,,4.6,Medium,No,0
18,Male,26.7,156.0,122.0,82.0,6.1,Low,No,1
50,Male,20.5,126.0,142.0,140.0,5.1,Medium,No,1
31,Male,,146.0,127.0,98.0,5.7,Medium,Yes,1
53,Female,27.6,132.0,139.0,180.0,6.0,Medium,,1
27,Female,33.0,127.0,,186.0,5.6,High,Yes,1
53,Male,24.4,125.0,141.0,149.0,5.3,High,No,0
74,Female,,153.0,152.0,98.0,5.9,Low,No,1
57,Male,24.7,170.0,145.0,94.0,6.1,Medium,Yes,1
57,Female,31.7,132.0,158.0,252.0,5.5,High,No,1
51,Male,24.1,183.0,157.0,232.0,6.3,Low,Yes,1
53,Male,31.1,146.0,148.0,143.0,6.0,Low,No,1
54,Female,25.7,135.0,136.0,123.0,14.8,Low,Yes,1
60,Male,19.3,141.0,157.0,129.0,5.3,Medium,Yes,1
54,Male,30.7,166.0,145.0,161.0,6.0,Low,No,1
54,Female,29.9,140.0,134.0,146.0,5.3,Medium,No,1
60,Male,19.0,125.0,140.0,106.0,5.5,High,Yes,1
59,Female,27.6,140.0,166.0,167.0,6.6,High,No,1
47,Female,21.8,131.0,132.0,74.0,5.5,High,No,1
18,Male,,125.0,128.0,181.0,5.8,High,Yes,1
31,Female,33.1,128.0,130.0,131.0,5.4,,No,1
66,Male,28.2,164.0,147.0,131.0,5.6,Low,Yes,1
36,Male,33.7,,155.0,62.0,6.0,Medium,Yes,0
41,Male,23.1,140.0,143.0,125.0,5.3,Medium,Yes,1
53,Male,25.3,129.0,150.0,157.0,5.5,High,No,1
66,Female,34.3,102.0,,102.0,5.4,High,No,1
45,Male,25.1,119.0,131.0,137.0,4.2,Medium,No,0
50,Male,28.2,121.0,160.0,103.0,5.8,High,No,0
19,Female,23.8,108.0,127.0,56.0,4.8,Medium,No,0
57,Male,23.6,135.0,125.0,142.0,5.2,Low,No,1
31,Female,34.8,123.0,122.0,108.0,5.7,High,No,0
19,Male,23.6,99.0,141.0,84.0,4.9,High,No,0
18,Female,17.0,136.0,119.0,101.0,4.9,Medium,No,1
42,Male,23.5,134.0,144.0,106.0,5.2,Low,No,1
61,Male,24.6,130.0,155.0,101.0,8.8,Medium,No,1
31,Male,19.7,156.0,126.0,75.0,5.7,Medium,No,1
64,Male,34.1,150.0,157.0,247.0,6.2,High,No,1
39,Male,32.6,146.0,124.0,150.0,5.5,Medium,No,1
32,Male,25.4,100.0,126.0,153.0,4.5,High,No,0
26,Female,34.5,115.0,119.0,88.0,5.2,Medium,Yes,1
62,Female,26.6,170.0,133.0,134.0,5.6,Medium,Yes,1
41,Female,21.9,152.0,152.0,105.0,6.1,Low,No,1
44,Female,26.1,155.0,122.0,147.0,5.4,Low,No,1
64,Male,29.5,174.0,146.0,178.0,6.0,Low,Yes,1
56,Female,23.4,137.0,152.0,121.0,5.8,Medium,No,1
49,Male,28.6,124.0,144.0,121.0,5.1,High,Yes,1
19,Male,30.4,109.0,120.0,104.0,5.1,Medium,No,0
37,Male,23.7,128.0,126.0,,5.1,Medium,No,1
41,Male,24.2,128.0,128.0,,5.1,High,No,1
40,Female,29.6,133.0,149.0,104.0,5.7,High,No,1
49,Male,27.0,111.0,142.0,125.0,5.5,High,No,0
57,Female,19.6,160.0,154.0,106.0,6.2,Low,Yes,1
63,Male,28.3,181.0,141.0,120.0,6.5,Medium,Yes,1
18,Male,23.7,136.0,117.0,115.0,5.3,Low,Yes,1
73,Male,26.4,164.0,169.0,191.0,6.3,Medium,No,1
41,Female,33.1,151.0,144.0,118.0,6.0,Low,No,1
37,Female,22.6,138.0,132.0,142.0,6.1,Medium,Yes,1
56,Female,33.7,159.0,141.0,131.0,5.5,Medium,No,1
53,Female,22.0,136.0,144.0,112.0,6.0,Medium,No,1
18,Male,22.5,124.0,134.0,136.0,5.3,Medium,No,0
45,Female,23.6,162.0,164.0,153.0,6.4,Low,No,1
72,Female,23.4,122.0,143.0,159.0,5.5,Low,No,0
48,Male,25.4,130.0,126.0,60.0,5.6,High,Yes,1
60,Female,22.0,135.0,138.0,105.0,4.8,High,No,1
42,Female,19.0,86.0,125.0,107.0,4.0,,No,0
41,Male,26.7,132.0,123.0,142.0,5.7,Medium,Yes,1
36,Male,20.4,116.0,135.0,91.0,7.0,Medium,No,1
47,Male,28.1,140.0,124.0,158.0,6.2,Medium,No,1
51,Male,34.8,155.0,163.0,,6.6,Low,No,1
36,Female,29.9,93.0,139.0,144.0,5.6,Medium,No,0
50,Male,24.9,142.0,150.0,84.0,6.3,Medium,No,1
75,Female,22.1,,148.0,158.0,6.0,Low,No,0
55,Male,26.1,181.0,167.0,109.0,5.4,Medium,No,1
38,Male,25.7,145.0,142.0,135.0,6.4,Medium,No,1
50,Female,22.9,124.0,135.0,172.0,5.6,Low,No,0
84,Female,17.2,135.0,188.0,196.0,5.3,High,Yes,1
49,Female,23.9,139.0,121.0,114.0,5.5,Low,No,1
47,Female,25.5,128.0,129.0,109.0,5.5,High,Yes,1
49,Male,20.3,150.0,141.0,106.0,5.9,Low,Yes,1
54,Female,24.3,130.0,134.0,119.0,5.4,Low,No,1
61,Male,20.2,117.0,161.0,85.0,5.4,Medium,No,0
48,Male,32.1,147.0,150.0,127.0,6.1,Medium,No,1
45,Male,25.4,145.0,136.0,,5.6,Low,Yes,1
30,Female,23.2,126.0,132.0,122.0,5.3,Medium,Yes,1
51,Female,,132.0,135.0,118.0,5.8,Medium,Yes,1
51,Male,17.2,120.0,145.0,74.0,5.2,Medium,No,0
61,Male,22.4,138.0,172.0,97.0,5.2,Low,No,1
49,Male,27.0,119.0,147.0,142.0,5.3,High,No,0
31,Female,26.2,117.0,137.0,145.0,4.9,Low,No,0
52,Male,29.2,143.0,150.0,164.0,6.0,Low,No,1
66,Female,17.0,122.0,147.0,122.0,5.3,Low,No,0
61,Female,34.0,145.0,177.0,167.0,5.5,Medium,No,1
43,Female,30.2,119.0,126.0,124.0,5.3,Medium,No,1
28,Male,19.1,143.0,116.0,150.0,5.8,Low,Yes,1
79,Female,33.2,143.0,219.0,187.0,6.8,High,Yes,1
53,Male,20.3,104.0,159.0,98.0,4.7,High,No,0
53,Female,24.7,160.0,144.0,159.0,6.5,Low,Yes,1
63,Male,26.1,135.0,153.0,100.0,5.2,Low,No,1
20,Female,19.5,106.0,103.0,140.0,4.9,High,No,0
44,Female,22.4,166.0,154.0,168.0,6.3,Medium,No,1
51,Female,21.7,154.0,173.0,175.0,5.4,Low,Yes,1
43,Female,25.7,103.0,136.0,120.0,5.0,High,No,0
52,Male,23.9,128.0,144.0,149.0,5.4,Low,Yes,1
38,Female,21.9,111.0,135.0,102.0,4.9,High,,0
31,Female,19.1,90.0,137.0,100.0,5.1,Medium,No,0
58,Female,25.1,81.0,163.0,194.0,5.4,High,Yes,0
42,Female,32.4,164.0,146.0,200.0,6.7,Medium,Yes,1
39,Female,19.0,112.0,133.0,177.0,4.9,Medium,No,0
58,Male,23.5,155.0,139.0,103.0,5.7,Low,Yes,1
28,Male,22.9,131.0,134.0,152.0,5.4,Medium,No,1
37,Female,20.4,139.0,134.0,125.0,5.2,Medium,No,1
52,Male,24.4,124.0,147.0,110.0,5.4,Medium,No,0
76,Male,25.6,150.0,154.0,143.0,6.0,Low,No,1
49,Male,17.0,127.0,158.0,71.0,4.8,Medium,No,1
52,Male,20.9,153.0,,115.0,6.3,Low,No,1
52,Male,29.6,153.0,142.0,138.0,,Low,No,1
78,Female,27.1,134.0,160.0,165.0,5.4,Medium,No,1
69,Male,26.5,128.0,141.0,69.0,5.5,Medium,Yes,1
28,Male,22.4,116.0,124.0,98.0,4.9,High,Yes,1
53,Male,33.7,147.0,148.0,158.0,5.8,Medium,No,1
46,Female,28.7,168.0,149.0,480.0,6.3,Low,,1
42,Male,28.3,156.0,149.0,175.0,5.8,Medium,Yes,1
33,Male,31.2,119.0,135.0,155.0,5.6,High,Yes,1
48,Male,20.6,185.0,130.0,227.0,6.3,Low,Yes,1
28,Male,28.8,134.0,129.0,144.0,5.2,High,No,1
19,Female,27.1,151.0,127.0,149.0,5.8,Medium,Yes,1
84,Male,19.7,333.0,164.0,91.0,6.3,Medium,No,1
32,Male,26.4,142.0,136.0,155.0,5.1,Low,Yes,1
51,Female,25.8,143.0,144.0,153.0,5.0,Medium,Yes,1
64,Female,24.8,122.0,146.0,81.0,4.5,High,No,0
42,Female,,145.0,124.0,140.0,5.6,,No,1
39,Male,19.1,138.0,125.0,122.0,5.4,Medium,No,1
40,Female,22.6,122.0,136.0,136.0,5.1,Low,No,0
54,Female,23.9,154.0,134.0,106.0,6.0,Medium,No,1
63,Female,25.6,240.0,150.0,158.0,5.6,Low,,1
43,Male,25.3,122.0,149.0,147.0,,Medium,No,0
44,Female,19.9,103.0,119.0,134.0,5.1,Low,No,0
46,Female,19.6,123.0,138.0,73.0,5.2,Medium,No,0
57,Female,24.4,118.0,,139.0,5.5,High,No,0
45,Male,23.1,134.0,132.0,148.0,5.4,Low,No,1
49,Male,27.9,135.0,141.0,94.0,5.4,Medium,Yes,1
64,Female,32.7,128.0,175.0,71.0,5.7,High,No,1
43,Male,20.2,127.0,137.0,66.0,4.6,Medium,No,1
44,Male,33.7,119.0,148.0,149.0,5.2,Medium,No,1
34,Male,31.3,150.0,136.0,135.0,5.6,High,No,1
20,Female,26.4,88.0,141.0,153.0,4.7,High,No,0
57,Male,24.7,151.0,,158.0,5.3,Medium,No,1
18,Female,21.1,108.0,118.0,65.0,4.4,High,Yes,0
36,Female,34.1,153.0,138.0,128.0,5.4,Low,No,1
50,Male,24.3,127.0,135.0,114.0,5.6,Medium,Yes,1
57,Male,19.2,107.0,158.0,110.0,5.2,Medium,Yes,0
33,Male,24.2,120.0,142.0,151.0,4.9,Medium,Yes,1
18,Female,22.4,130.0,116.0,79.0,6.0,Medium,No,1
60,Female,32.6,155.0,164.0,184.0,5.7,Low,No,1
41,Male,35.1,143.0,140.0,103.0,6.2,Low,No,1
50,Male,23.4,167.0,140.0,138.0,6.2,Low,No,1
51,Male,23.0,122.0,133.0,117.0,4.4,Medium,No,0
42,Male,25.0,137.0,118.0,,5.4,High,No,1
44,Female,27.4,,150.0,715.0,6.0,Medium,Yes,0
44,Female,25.7,150.0,135.0,100.0,5.5,Low,No,1
74,Female,30.6,153.0,157.0,,6.0,High,No,1
53,Male,26.3,127.0,130.0,158.0,6.1,Medium,No,1
54,Male,28.2,153.0,122.0,166.0,6.4,Low,No,1
53,Male,17.0,135.0,151.0,103.0,4.9,Low,No,1
38,Female,22.3,131.0,118.0,98.0,5.4,Medium,No,1
39,Female,24.8,58.0,184.0,177.0,5.6,Low,No,0
58,Male,26.0,124.0,142.0,125.0,,Low,No,0
52,Male,23.8,150.0,152.0,183.0,5.7,Low,No,1
47,Male,24.6,106.0,144.0,112.0,5.7,High,No,0
60,Female,27.0,166.0,153.0,143.0,6.2,Medium,No,1
67,Female,31.4,124.0,149.0,147.0,5.6,Medium,No,1
56,Male,27.9,133.0,151.0,204.0,6.5,High,No,1
54,Male,26.3,110.0,142.0,44.0,5.3,High,No,0
40,Male,22.5,131.0,130.0,129.0,5.4,Medium,No,1
39,Female,25.1,141.0,134.0,99.0,6.0,Medium,No,1
47,Male,25.3,97.0,136.0,62.0,4.7,High,No,0
24,Male,23.9,135.0,123.0,125.0,5.8,Low,No,1
61,Male,29.2,187.0,152.0,189.0,6.8,Medium,No,1
41,Female,25.6,163.0,134.0,173.0,6.2,Low,No,1
29,Female,26.8,126.0,132.0,78.0,5.4,Medium,No,1
38,Male,27.3,160.0,178.0,171.0,6.4,Low,No,1
56,Female,24.8,129.0,150.0,174.0,6.2,Medium,Yes,1
44,Female,26.5,165.0,147.0,99.0,6.8,Low,No,1
64,Female,31.5,123.0,159.0,,5.7,Medium,No,1
32,Female,32.5,143.0,131.0,147.0,5.1,Medium,Yes,1
43,Female,29.7,170.0,139.0,97.0,5.4,,Yes,1
53,Male,28.5,125.0,144.0,109.0,5.8,High,No,0
43,Male,,135.0,129.0,123.0,5.4,Medium,No,1
66,Female,18.3,140.0,212.0,77.0,5.8,Medium,No,1
25,Male,27.7,125.0,137.0,157.0,4.8,High,No,0
24,Male,28.2,91.0,138.0,184.0,4.9,High,No,0
37,Female,22.6,126.0,145.0,198.0,4.9,Low,No,1
44,Female,17.0,120.0,135.0,59.0,5.1,Medium,Yes,1
73,Male,,166.0,148.0,132.0,6.3,Low,No,1
40,Female,23.9,104.0,,121.0,4.7,High,No,0
18,Female,19.5,130.0,140.0,164.0,5.7,Medium,No,1
54,Female,23.4,156.0,145.0,101.0,6.2,Low,,1
38,Female,29.1,126.0,130.0,192.0,5.3,Medium,No,1
45,Female,36.0,149.0,155.0,210.0,5.5,Low,,1
58,Male,20.5,111.0,138.0,46.0,4.8,High,No,0
50,Female,21.3,132.0,139.0,132.0,5.2,Low,No,1
50,Female,25.8,148.0,155.0,172.0,6.2,Medium,No,1
40,Female,22.0,146.0,157.0,171.0,5.6,Medium,No,1
30,Female,25.1,,131.0,110.0,5.4,Medium,Yes,0
59,Male,28.8,137.0,158.0,130.0,5.5,High,No,1
34,Male,19.6,126.0,148.0,100.0,5.0,Medium,No,1
61,Female,30.1,154.0,153.0,157.0,6.3,Medium,No,1
45,Male,17.4,119.0,141.0,135.0,5.8,Medium,No,0
35,Male,26.4,137.0,123.0,156.0,5.4,Medium,No,1
59,Male,29.8,145.0,152.0,110.0,5.7,Low,No,1
49,Female,30.6,149.0,158.0,140.0,6.1,Medium,Yes,1
32,Female,22.9,156.0,120.0,115.0,5.8,Low,Yes,1
39,Male,33.2,,149.0,176.0,7.9,Medium,Yes,1
56,Female,31.8,134.0,162.0,166.0,5.7,,No,1
59,Male,31.0,142.0,119.0,155.0,3.8,High,No,1
24,Female,26.2,110.0,139.0,125.0,4.5,Medium,No,0
45,Male,18.8,105.0,132.0,105.0,5.1,Medium,No,0
51,Female,28.1,184.0,125.0,150.0,6.4,Low,Yes,1
56,Female,26.7,123.0,155.0,109.0,5.6,Medium,Yes,1
26,Female,21.6,133.0,123.0,140.0,5.6,High,No,1
56,Female,21.4,147.0,124.0,135.0,6.3,Medium,No,1
22,Female,25.2,155.0,125.0,123.0,6.0,Low,No,1
64,Female,29.9,169.0,134.0,188.0,6.6,Low,Yes,1
60,Female,25.8,322.0,145.0,151.0,6.6,Low,No,1
27,Male,23.7,155.0,130.0,126.0,6.1,Low,No,1
24,Male,28.2,115.0,147.0,174.0,4.9,Medium,No,0
56,Male,26.3,138.0,159.0,40.0,5.7,Low,No,1
46,Male,28.0,170.0,148.0,174.0,6.2,Low,Yes,1
36,Male,50.4,142.0,122.0,,,Low,Yes,1
34,Female,17.0,163.0,121.0,132.0,6.1,Low,No,1
39,Male,,128.0,140.0,115.0,6.0,Medium,,1
21,Female,29.6,126.0,128.0,164.0,5.6,High,Yes,1
52,Male,26.8,140.0,217.0,180.0,5.8,High,No,1
43,Female,17.9,137.0,143.0,100.0,8.3,Medium,Yes,1
18,Female,,125.0,127.0,85.0,5.1,Low,No,0
65,Male,25.9,153.0,153.0,111.0,6.4,Low,No,1
69,Female,26.0,138.0,162.0,122.0,6.3,Low,No,1
39,Female,29.5,131.0,132.0,,5.6,High,No,1
32,Female,18.0,109.0,145.0,49.0,5.0,Medium,No,0
85,Male,29.3,157.0,178.0,164.0,6.1,High,No,1
48,Female,27.2,165.0,142.0,127.0,6.4,Medium,No,1
64,Male,22.2,122.0,145.0,90.0,,Medium,No,0
41,Female,,108.0,142.0,152.0,5.3,Low,No,0
50,Male,28.7,144.0,155.0,117.0,,Medium,No,1
36,Female,28.2,125.0,125.0,96.0,5.8,Medium,Yes,1
19,Female,25.6,92.0,126.0,82.0,5.3,Medium,No,0
55,Male,24.6,139.0,148.0,89.0,6.0,Low,No,1
49,Male,20.5,151.0,137.0,153.0,5.3,Low,No,1
77,Female,25.5,162.0,161.0,160.0,5.9,Low,No,1
21,Female,24.7,125.0,122.0,116.0,5.0,Low,Yes,1
44,Male,31.2,138.0,160.0,153.0,6.0,Medium,Yes,1
51,Male,24.0,129.0,166.0,119.0,5.2,Medium,Yes,1
38,Male,20.1,131.0,133.0,165.0,5.1,Low,No,1
52,Female,28.5,158.0,123.0,136.0,6.3,Low,Yes,1
47,Male,30.9,169.0,133.0,182.0,6.2,Medium,Yes,1
28,Female,23.6,139.0,133.0,136.0,5.6,Medium,No,1
76,Female,27.9,113.0,158.0,67.0,4.6,Medium,No,0
35,Female,17.8,154.0,138.0,121.0,5.6,Low,Yes,1
45,Male,21.0,129.0,124.0,,5.2,Low,No,1
29,Male,29.5,169.0,133.0,153.0,6.2,Medium,Yes,1
42,Female,24.2,154.0,133.0,130.0,6.6,Medium,No,1
57,Female,37.1,164.0,152.0,167.0,5.9,High,No,1
37,Female,24.3,144.0,152.0,170.0,5.6,Low,Yes,1
22,Female,25.0,155.0,101.0,167.0,6.3,Medium,No,1
52,Male,23.2,136.0,150.0,97.0,5.5,Medium,No,1
74,Male,,,,136.0,,Medium,Yes,0
22,Female,19.3,138.0,119.0,111.0,5.7,Low,Yes,1
56,Female,27.2,146.0,151.0,77.0,5.3,Medium,No,1
46,Female,25.2,122.0,144.0,124.0,5.0,Medium,No,0
70,Female,,132.0,,133.0,5.4,Medium,No,1
39,Male,,154.0,153.0,156.0,6.2,Low,No,1
66,Female,27.5,124.0,147.0,224.0,5.1,Medium,Yes,1
63,Female,22.2,128.0,153.0,157.0,5.3,Medium,No,1
42,Male,28.9,161.0,147.0,122.0,6.0,High,Yes,1
32,Male,27.7,123.0,151.0,141.0,5.1,Medium,No,0
48,Female,26.3,157.0,143.0,160.0,5.8,Medium,Yes,1
41,Male,23.7,150.0,136.0,171.0,5.4,,No,1
53,Male,30.0,129.0,168.0,,5.7,Medium,Yes,1
55,Male,23.9,145.0,156.0,198.0,5.4,High,Yes,1
59,Female,,159.0,149.0,145.0,5.3,Low,No,1
60,Male,33.0,151.0,,216.0,6.0,Medium,No,1
59,Female,27.7,144.0,150.0,85.0,6.2,Medium,No,1
74,Male,22.3,134.0,145.0,107.0,5.1,Medium,Yes,1
34,Female,30.9,146.0,132.0,211.0,6.4,Low,No,1
38,Male,19.8,121.0,133.0,,5.1,,No,0
53,Female,29.2,152.0,144.0,103.0,9.8,Medium,No,1
63,Male,30.2,154.0,134.0,134.0,6.0,Medium,No,1
33,Male,26.9,133.0,142.0,,5.8,Low,Yes,1
51,Female,22.6,150.0,153.0,105.0,5.9,,Yes,1
25,Female,27.6,130.0,140.0,126.0,5.9,Medium,Yes,1
43,Male,22.3,167.0,139.0,120.0,5.9,Low,No,1
51,Female,28.6,152.0,140.0,200.0,5.9,Low,No,1
58,Female,34.2,154.0,159.0,194.0,5.9,Medium,No,1
62,Female,39.1,170.0,159.0,212.0,6.9,Low,No,1
54,Female,23.6,145.0,154.0,72.0,5.1,Medium,No,1
64,Male,25.8,174.0,156.0,170.0,6.1,Medium,Yes,1
23,Male,19.7,106.0,120.0,83.0,4.6,Low,No,0
18,Female,28.0,135.0,110.0,117.0,5.8,Low,Yes,1
59,Male,19.9,127.0,155.0,84.0,5.0,Medium,No,1
67,Female,27.7,144.0,148.0,173.0,5.4,High,No,1
26,Male,20.2,96.0,127.0,123.0,4.0,Medium,No,0
44,Female,29.9,185.0,150.0,172.0,6.9,Medium,Yes,1
36,Male,27.0,134.0,129.0,60.0,5.7,Medium,No,1
47,Female,26.1,149.0,145.0,233.0,6.1,Medium,Yes,1
37,Male,26.9,124.0,147.0,81.0,5.3,Medium,Yes,1
60,Female,25.8,136.0,155.0,148.0,5.3,Low,No,1
20,Male,17.0,142.0,117.0,119.0,6.0,Medium,Yes,1
33,Female,23.0,125.0,148.0,112.0,,High,No,0
51,Male,25.6,151.0,164.0,96.0,6.2,Medium,No,1
18,Female,27.7,133.0,128.0,23.0,5.2,Low,Yes,1
51,Male,26.6,154.0,188.0,122.0,5.7,High,Yes,1
42,Male,25.8,115.0,140.0,81.0,5.4,Medium,No,0
52,Female,30.5,140.0,142.0,151.0,6.1,Medium,No,1
78,Male,33.3,133.0,183.0,33.0,6.2,Medium,No,1
27,Female,29.7,121.0,141.0,,5.6,Medium,No,0
45,Female,27.6,146.0,167.0,129.0,5.9,Medium,Yes,1
22,Male,25.7,108.0,118.0,103.0,5.0,Medium,No,0
50,Female,18.7,91.0,137.0,158.0,4.5,High,No,0
60,Male,25.1,145.0,126.0,205.0,5.5,Medium,Yes,1
43,Male,23.7,135.0,121.0,182.0,5.4,Medium,No,1
68,Male,33.4,133.0,151.0,,5.6,Medium,No,1
23,Female,24.9,114.0,123.0,72.0,5.7,Low,No,0
26,Male,25.0,161.0,133.0,120.0,6.6,Medium,Yes,1
48,Male,26.0,161.0,127.0,93.0,5.9,,No,1
77,Female,28.6,150.0,161.0,150.0,5.8,Medium,No,1
38,Female,24.7,140.0,153.0,144.0,5.1,Medium,No,1
57,Male,26.6,136.0,138.0,150.0,6.5,Medium,No,1
57,Female,22.0,120.0,152.0,123.0,5.2,Medium,,0
64,Male,28.0,140.0,135.0,,5.6,High,No,1
35,Male,23.4,,139.0,116.0,5.1,Low,No,0
66,Female,21.3,167.0,125.0,120.0,6.1,Medium,Yes,1
36,Male,17.0,147.0,155.0,128.0,5.4,Low,No,1
45,Female,29.3,152.0,139.0,57.0,5.8,Low,Yes,1
43,Female,31.3,149.0,151.0,30.0,6.4,Medium,No,1
65,Female,30.4,139.0,156.0,149.0,5.6,High,No,1
38,Male,23.0,124.0,140.0,154.0,5.4,Medium,No,0
63,Male,21.1,108.0,166.0,107.0,5.2,Medium,No,0
37,Female,32.5,139.0,141.0,167.0,6.3,Low,No,1
50,Male,19.7,147.0,133.0,135.0,5.8,Medium,No,1
67,Female,30.8,172.0,146.0,107.0,,Medium,No,1
33,Male,30.6,138.0,141.0,129.0,,High,Yes,1
55,Male,23.4,148.0,163.0,66.0,5.9,,,1
70,Male,18.0,154.0,140.0,103.0,5.5,Medium,Yes,1
52,Female,23.6,170.0,130.0,118.0,6.2,Medium,Yes,1
49,Female,,,155.0,118.0,5.9,Low,Yes,0
44,Male,24.1,116.0,132.0,137.0,5.9,Medium,Yes,1
66,Female,19.9,124.0,158.0,86.0,5.1,Low,Yes,1
59,Female,27.3,142.0,136.0,152.0,5.9,Medium,No,1
48,Female,26.5,214.0,155.0,150.0,5.3,High,No,1
49,Male,26.0,131.0,147.0,135.0,5.6,Medium,No,1
47,Male,25.2,156.0,128.0,108.0,6.4,Low,Yes,1
24,Female,20.9,111.0,128.0,167.0,,Low,No,0
43,Male,22.7,153.0,128.0,,5.6,High,No,1
49,Female,20.6,111.0,150.0,96.0,4.8,Medium,No,0
30,Female,23.2,126.0,120.0,111.0,5.3,Medium,No,1
38,Female,,286.0,149.0,126.0,5.2,Medium,Yes,1
40,Male,26.8,132.0,140.0,127.0,5.8,Low,No,1
66,Male,32.0,157.0,165.0,112.0,6.3,Medium,No,1
59,Male,31.0,131.0,151.0,119.0,5.9,High,No,1
41,Female,27.1,127.0,134.0,184.0,4.7,High,Yes,1
70,Male,32.2,157.0,156.0,200.0,6.6,High,No,1
30,Male,25.7,138.0,124.0,187.0,6.2,Medium,No,1
43,Male,26.4,135.0,145.0,120.0,5.7,Low,No,1
48,Female,30.7,143.0,149.0,181.0,6.0,High,No,1
65,Female,21.9,133.0,133.0,,5.3,Medium,No,1
18,Female,20.3,99.0,115.0,161.0,5.0,Medium,No,0
32,Female,17.5,118.0,127.0,88.0,5.7,Low,No,0
69,Female,18.9,142.0,152.0,,5.6,Medium,Yes,1
55,Male,20.2,158.0,131.0,149.0,5.7,Medium,Yes,1
47,Female,38.5,141.0,146.0,181.0,5.7,Low,No,1
58,Female,27.0,106.0,161.0,143.0,5.5,High,No,0
43,Male,21.6,117.0,126.0,134.0,5.3,High,No,0
58,Male,25.8,159.0,156.0,164.0,5.5,Medium,Yes,1
20,Male,29.4,126.0,142.0,77.0,5.1,Low,Yes,1
54,Female,31.0,178.0,128.0,160.0,6.6,Low,Yes,1
43,Male,33.9,131.0,116.0,68.0,5.3,Medium,No,1
47,Male,24.1,115.0,125.0,144.0,4.9,Medium,No,0
47,Male,26.1,140.0,145.0,142.0,5.3,Medium,Yes,1
37,Female,26.0,142.0,131.0,154.0,5.9,High,Yes,1
29,Female,21.8,127.0,127.0,77.0,5.4,High,Yes,1
40,Female,22.2,113.0,133.0,113.0,4.9,Low,No,0
75,Female,33.3,161.0,159.0,166.0,6.7,Low,No,1
35,Female,44.7,156.0,120.0,105.0,6.0,Low,Yes,1
65,Female,26.9,133.0,162.0,116.0,5.1,Medium,No,1
58,Female,21.9,117.0,145.0,104.0,6.6,High,Yes,1
66,Female,22.4,162.0,154.0,175.0,5.9,Medium,Yes,1
48,Female,22.5,128.0,150.0,174.0,5.0,Medium,No,1
45,Male,29.5,159.0,142.0,103.0,6.0,Low,No,1
43,Male,29.1,126.0,131.0,130.0,4.8,Medium,No,1
34,Male,26.0,123.0,134.0,,5.2,High,No,0
52,Male,22.6,116.0,138.0,117.0,4.9,Medium,No,0
22,Female,27.8,148.0,135.0,163.0,5.7,Low,Yes,1
52,Male,21.3,129.0,142.0,71.0,5.2,High,No,1
29,Female,29.3,139.0,129.0,146.0,5.8,High,Yes,1
47,Male,27.7,128.0,143.0,121.0,5.7,Low,No,1
44,Female,21.3,126.0,126.0,153.0,4.9,Low,No,1
22,Female,23.2,150.0,137.0,213.0,5.9,Medium,Yes,1
54,Male,31.4,163.0,171.0,113.0,6.5,Low,No,1
60,Female,34.4,130.0,139.0,120.0,5.6,High,Yes,1
46,Male,19.1,116.0,139.0,129.0,5.5,High,No,0
43,Female,28.0,156.0,140.0,179.0,5.5,,Yes,1
36,Male,24.5,153.0,141.0,159.0,6.1,Medium,Yes,1
54,Male,22.1,154.0,136.0,181.0,,Medium,,1
63,Male,27.0,125.0,161.0,205.0,10.7,Medium,No,1
59,Male,23.4,133.0,163.0,,6.4,Medium,No,1
62,Female,27.7,134.0,157.0,152.0,5.4,Medium,No,1
45,Male,23.0,134.0,132.0,113.0,5.3,Low,Yes,1
44,Male,27.6,148.0,136.0,131.0,5.5,Low,No,1
71,Female,30.4,154.0,155.0,119.0,5.6,Medium,Yes,1
44,Female,21.6,136.0,105.0,92.0,5.3,Low,No,1
55,Female,17.8,125.0,142.0,72.0,4.5,High,No,0
55,Male,28.1,125.0,144.0,129.0,5.4,Medium,No,0
56,Male,31.5,161.0,165.0,129.0,6.3,Low,,1
24,Male,27.1,166.0,119.0,154.0,6.2,Low,Yes,1
43,Male,24.6,139.0,135.0,76.0,5.0,Low,No,1
66,Female,24.9,136.0,148.0,115.0,5.5,Medium,No,1
18,Female,24.4,131.0,112.0,130.0,5.6,High,Yes,1
46,Male,,129.0,137.0,159.0,5.9,High,No,1
51,Male,23.4,138.0,159.0,178.0,5.7,Low,No,1
51,Female,27.2,121.0,142.0,89.0,5.2,Medium,No,0
30,Female,20.3,109.0,119.0,130.0,5.1,Medium,,0
82,Female,28.5,172.0,153.0,97.0,6.1,Medium,Yes,1
75,Female,26.8,137.0,167.0,132.0,5.5,High,Yes,1
34,Male,19.2,107.0,135.0,69.0,5.3,High,Yes,0
28,Male,30.2,152.0,133.0,176.0,6.2,Low,,1
51,Female,22.6,140.0,140.0,126.0,5.4,Low,No,1
62,Female,33.8,174.0,144.0,147.0,6.1,Low,Yes,1
40,Female,21.4,115.0,132.0,67.0,4.5,Medium,Yes,1
34,Male,27.6,147.0,150.0,139.0,5.5,High,Yes,1
67,Male,31.5,145.0,166.0,169.0,6.0,Medium,Yes,1
50,Female,30.1,140.0,145.0,160.0,6.3,Medium,No,1
55,Female,22.3,140.0,141.0,131.0,5.1,High,No,1
24,Male,28.3,158.0,137.0,151.0,6.1,Low,Yes,1
55,Female,27.0,169.0,150.0,160.0,6.2,Low,Yes,1
68,Male,23.3,135.0,136.0,136.0,5.4,Medium,No,1
36,Female,27.3,148.0,,133.0,5.9,Medium,No,1
52,Male,26.4,138.0,154.0,159.0,6.1,Medium,Yes,1
32,Female,22.7,120.0,145.0,132.0,4.9,Medium,Yes,1
54,Male,27.5,136.0,157.0,173.0,5.3,Medium,No,1
48,Male,19.5,106.0,134.0,110.0,4.7,Medium,No,0
45,Male,28.8,137.0,149.0,161.0,5.8,Low,No,1
38,Male,24.7,123.0,140.0,113.0,6.0,Medium,Yes,1
34,Male,19.6,133.0,126.0,107.0,7.1,Low,No,1
51,Male,29.1,146.0,142.0,88.0,5.8,High,No,1
32,Female,24.7,159.0,130.0,135.0,5.7,Low,No,1
55,Male,21.2,142.0,,16.0,5.4,Low,No,1
64,Male,32.7,125.0,74.0,112.0,5.8,Medium,No,1
59,Male,25.2,124.0,144.0,153.0,5.5,Low,No,0
62,Male,25.1,150.0,140.0,161.0,5.2,Low,Yes,1
57,Female,30.4,165.0,136.0,132.0,6.0,Medium,Yes,1
46,Female,24.0,136.0,137.0,126.0,5.5,Medium,No,1
54,Male,28.6,153.0,152.0,162.0,6.1,Low,No,1
55,Female,29.3,148.0,139.0,121.0,6.5,Medium,No,1
54,Female,23.4,138.0,158.0,143.0,5.9,Medium,No,1
63,Female,17.5,127.0,129.0,68.0,5.1,High,No,1
45,Female,34.0,156.0,133.0,154.0,7.0,High,No,1
44,Male,31.6,152.0,145.0,,6.5,Medium,No,1
47,Female,31.3,168.0,152.0,212.0,6.9,Medium,Yes,1
56,Female,26.8,129.0,149.0,99.0,5.9,Low,No,1
48,Female,29.2,154.0,159.0,138.0,6.5,Medium,Yes,1
37,Male,28.0,95.0,140.0,93.0,5.4,High,No,0
52,Male,27.7,,151.0,106.0,6.3,Low,Yes,0
46,Male,24.7,126.0,156.0,86.0,5.4,Medium,No,1
67,Female,34.5,193.0,170.0,163.0,6.8,Low,Yes,1
38,Male,25.2,142.0,141.0,209.0,14.6,Medium,Yes,1
56,Male,18.7,155.0,155.0,103.0,5.2,Medium,Yes,1
57,Female,20.0,125.0,157.0,54.0,5.1,High,Yes,1
52,Female,30.2,148.0,143.0,209.0,6.0,Medium,No,1
37,Female,22.1,144.0,134.0,99.0,5.4,High,No,1
52,Female,34.9,162.0,107.0,185.0,6.4,Low,No,1
67,Male,33.1,172.0,144.0,,6.3,Low,No,1
25,Male,20.3,130.0,124.0,135.0,5.0,Medium,Yes,1
58,Male,23.6,127.0,143.0,86.0,5.4,High,Yes,1
48,Female,23.9,160.0,127.0,162.0,6.1,Low,No,1
68,Female,28.7,130.0,151.0,75.0,5.1,High,No,1
49,Female,28.1,115.0,141.0,99.0,5.2,Medium,No,0
35,Male,25.9,130.0,152.0,196.0,5.8,High,No,1
49,Male,28.6,119.0,158.0,142.0,6.1,High,No,0
21,Male,23.7,137.0,131.0,106.0,6.0,High,No,1
21,Female,24.4,140.0,135.0,100.0,5.8,High,No,1
28,Male,23.5,138.0,127.0,160.0,5.2,Medium,Yes,1
77,Male,27.3,132.0,159.0,165.0,5.9,Medium,No,1
35,Male,,102.0,125.0,77.0,4.4,Medium,No,0
36,Male,,164.0,161.0,96.0,6.4,Low,No,1
31,Female,24.4,142.0,127.0,162.0,6.2,Low,Yes,1
29,Male,23.8,147.0,117.0,166.0,,Medium,Yes,1
43,Male,32.8,142.0,149.0,134.0,6.0,High,Yes,1
55,Female,23.9,151.0,127.0,152.0,6.0,High,Yes,1
42,Male,21.7,146.0,157.0,57.0,5.3,,Yes,1
30,Male,30.5,162.0,133.0,480.0,5.7,Low,No,1
71,Male,21.2,162.0,171.0,130.0,5.7,Medium,Yes,1
33,Male,18.2,146.0,135.0,,5.5,Low,No,1
65,Female,29.5,156.0,154.0,184.0,6.2,Low,No,1
71,Male,27.3,132.0,206.0,138.0,5.5,High,No,1
45,Male,26.7,149.0,132.0,172.0,5.1,Low,No,1
57,Male,17.0,129.0,126.0,123.0,5.0,Medium,No,1
52,Female,24.2,160.0,,111.0,6.1,Medium,No,1
26,Female,25.0,126.0,116.0,111.0,5.1,Low,No,1
29,Female,23.3,142.0,138.0,135.0,5.6,Medium,No,1
51,Male,22.4,136.0,143.0,118.0,5.8,Low,Yes,1
30,Female,24.0,127.0,149.0,87.0,5.1,Medium,No,1
54,Female,27.5,141.0,152.0,141.0,5.0,High,Yes,1
40,Female,24.4,136.0,149.0,139.0,5.4,High,Yes,1
29,Male,20.5,137.0,130.0,187.0,4.7,Medium,No,1
44,Male,29.0,148.0,151.0,57.0,5.5,Low,Yes,1
43,Male,31.3,152.0,,197.0,6.0,Medium,Yes,1
57,Female,21.3,129.0,150.0,19.0,5.6,Medium,No,1
64,Female,21.4,140.0,158.0,176.0,5.0,Medium,No,1
38,Female,25.9,145.0,139.0,95.0,5.9,Medium,No,1
58,Female,25.6,160.0,145.0,132.0,10.4,Low,No,1
57,Female,18.5,134.0,142.0,67.0,5.6,Medium,No,1
50,Male,22.7,129.0,140.0,,6.1,High,No,1
53,Male,27.0,127.0,148.0,98.0,5.6,Medium,Yes,1
54,Male,25.6,113.0,147.0,61.0,5.5,Medium,No,0
36,Male,27.2,105.0,137.0,130.0,4.9,High,No,0
52,Male,27.2,146.0,140.0,141.0,5.3,Low,Yes,1
47,Male,26.1,148.0,142.0,,6.0,Medium,Yes,1
51,Male,29.5,130.0,144.0,177.0,4.9,High,Yes,1
42,Male,18.0,102.0,122.0,137.0,4.5,Medium,No,0
42,Male,31.8,156.0,145.0,179.0,5.7,Low,No,1
40,Female,30.1,136.0,130.0,165.0,5.4,Low,,1
19,Female,27.3,110.0,127.0,134.0,4.9,High,No,0
38,Female,23.3,109.0,126.0,176.0,5.6,High,No,0
60,Female,31.3,157.0,152.0,184.0,6.2,Low,Yes,1
27,Female,,135.0,142.0,,5.0,Low,Yes,1
18,Female,19.2,127.0,134.0,85.0,5.2,High,,1
50,Male,19.9,169.0,157.0,,12.4,Medium,,1
53,Male,24.5,151.0,130.0,208.0,6.2,Low,No,1
43,Female,33.4,169.0,136.0,175.0,6.9,Low,No,1
26,Female,23.5,137.0,124.0,116.0,5.6,Medium,No,1
72,Female,25.5,155.0,143.0,156.0,5.5,Low,Yes,1
32,Female,22.8,127.0,128.0,151.0,5.3,Low,No,1
47,Male,27.5,169.0,140.0,103.0,6.4,Low,No,1
47,Female,24.8,140.0,141.0,174.0,5.8,High,Yes,1
48,Male,25.7,122.0,133.0,108.0,5.3,Medium,No,0
57,Male,,146.0,152.0,,5.7,Low,No,1
67,Female,28.2,133.0,150.0,144.0,5.5,Medium,Yes,1
47,Female,20.2,149.0,132.0,,5.1,Medium,No,1
64,Male,24.6,126.0,158.0,160.0,4.5,Medium,No,1
61,Male,33.2,142.0,138.0,152.0,6.3,Medium,No,1
33,Male,31.5,140.0,118.0,152.0,5.7,High,No,1
63,Male,25.3,165.0,148.0,65.0,6.2,Medium,Yes,1
66,Female,28.6,149.0,169.0,,5.3,Medium,No,1
72,Male,33.3,173.0,156.0,154.0,6.2,Low,No,1
72,Male,26.4,145.0,149.0,164.0,5.5,Medium,No,1
42,Female,27.8,112.0,160.0,117.0,4.7,High,No,0
58,Female,23.5,155.0,144.0,176.0,5.8,Low,Yes,1
73,Male,24.5,160.0,163.0,127.0,5.3,Low,Yes,1
40,Female,28.8,135.0,130.0,149.0,5.6,,No,1
31,Male,18.3,110.0,133.0,152.0,5.1,High,No,0
37,Female,28.8,144.0,132.0,158.0,5.6,Low,Yes,1
56,Female,25.3,145.0,145.0,89.0,6.1,Low,Yes,1
38,Female,29.7,150.0,150.0,133.0,5.5,Low,Yes,1
50,Male,18.9,123.0,136.0,53.0,4.7,Medium,Yes,1
67,Female,30.5,152.0,128.0,108.0,5.6,Low,Yes,1
38,Female,23.4,126.0,146.0,104.0,5.6,Low,No,1
77,Male,24.0,141.0,168.0,169.0,5.6,Medium,No,1
49,Male,23.2,149.0,147.0,125.0,5.2,Low,No,1
41,Male,31.2,128.0,126.0,114.0,6.0,High,Yes,1
31,Female,23.1,153.0,131.0,163.0,,Low,Yes,1
22,Male,28.6,143.0,127.0,161.0,5.7,Low,No,1
60,Female,30.3,159.0,159.0,158.0,5.8,Medium,No,1
35,Female,26.1,113.0,147.0,167.0,5.5,High,No,0
80,Male,17.9,153.0,158.0,110.0,5.6,Low,Yes,1
42,Female,28.6,137.0,138.0,146.0,5.5,Medium,Yes,1
69,Female,24.9,153.0,151.0,164.0,6.3,Medium,Yes,1
63,Female,20.4,123.0,130.0,176.0,4.6,High,No,0
60,Male,29.2,156.0,165.0,116.0,6.0,High,,1
36,Female,23.3,133.0,130.0,179.0,5.4,Low,No,1
46,Male,25.2,138.0,146.0,152.0,5.4,Low,Yes,1
34,Male,26.5,152.0,128.0,193.0,5.8,Low,No,1
29,Female,25.2,124.0,137.0,143.0,4.9,High,Yes,1
65,Female,28.1,161.0,160.0,129.0,6.0,Low,No,1
49,Male,25.4,138.0,120.0,195.0,5.7,Low,Yes,1
61,Male,25.5,158.0,156.0,108.0,5.7,High,No,1
52,Male,24.5,124.0,146.0,,5.2,Medium,No,0
33,Male,25.0,130.0,129.0,171.0,5.1,High,Yes,1
31,Female,20.1,147.0,125.0,186.0,4.9,Medium,No,1
45,Male,21.9,168.0,150.0,204.0,6.2,Medium,Yes,1
43,Male,28.4,113.0,141.0,127.0,5.2,Medium,Yes,1
66,Male,25.8,157.0,160.0,149.0,5.6,Low,No,1
63,Male,20.2,124.0,149.0,102.0,5.5,Medium,No,0
72,Male,28.8,148.0,161.0,147.0,5.8,Medium,Yes,1
18,Male,24.7,123.0,127.0,188.0,5.1,Medium,No,0
43,Male,27.0,138.0,155.0,240.0,5.4,Medium,No,1
36,Female,31.0,143.0,135.0,135.0,5.4,High,No,1
66,Female,26.6,137.0,169.0,148.0,6.0,Medium,No,1
50,Male,31.8,168.0,149.0,85.0,6.3,Low,,1
43,Male,22.5,117.0,127.0,141.0,5.4,High,No,0
58,Female,31.6,144.0,148.0,162.0,5.5,Medium,Yes,1
50,Female,25.1,294.0,152.0,106.0,6.4,Low,No,1
27,Female,21.2,121.0,139.0,98.0,4.7,High,No,0
60,Female,27.6,263.0,149.0,208.0,6.1,Low,No,1
43,Male,47.9,126.0,127.0,78.0,,Medium,No,1
33,Female,17.0,89.0,127.0,89.0,4.1,Medium,No,0
62,Female,25.1,130.0,161.0,,5.1,Medium,No,1
27,Female,27.8,145.0,122.0,155.0,6.0,Low,No,1
38,Female,26.9,117.0,144.0,164.0,13.1,Medium,Yes,1
51,Female,27.6,103.0,154.0,88.0,10.0,Medium,No,1
35,Female,21.4,134.0,133.0,129.0,5.0,High,Yes,1
55,Male,25.9,139.0,151.0,92.0,5.2,Low,Yes,1
51,Male,27.8,141.0,147.0,212.0,6.6,Medium,No,1
47,Female,17.5,153.0,131.0,131.0,5.6,Medium,Yes,1
52,Female,18.4,109.0,145.0,79.0,5.1,Medium,No,0
51,Female,32.7,133.0,145.0,,6.4,Medium,No,1
85,Female,31.9,161.0,156.0,118.0,6.6,Medium,Yes,1
45,Female,23.1,127.0,137.0,123.0,5.6,High,No,1
52,Female,24.1,136.0,143.0,146.0,5.5,Medium,No,1
41,Male,26.4,164.0,141.0,180.0,6.5,Low,Yes,1
57,Male,21.0,122.0,149.0,81.0,5.3,Medium,No,0
31,Male,25.4,125.0,134.0,87.0,5.4,Low,No,0
78,Female,25.3,158.0,161.0,,,Low,No,1
22,Female,27.1,119.0,132.0,82.0,5.3,Medium,No,0
55,Female,25.8,150.0,144.0,137.0,6.0,Medium,No,1
52,Female,20.9,104.0,134.0,115.0,4.4,Medium,Yes,0
74,Male,17.9,150.0,153.0,75.0,5.6,Medium,Yes,1
18,Female,29.3,138.0,133.0,147.0,6.2,Low,Yes,1
42,Female,26.1,154.0,120.0,78.0,5.7,Low,No,1
45,Female,29.5,152.0,139.0,218.0,5.7,Low,Yes,1
50,Male,22.5,112.0,137.0,128.0,4.8,High,No,0
53,Male,24.7,131.0,137.0,117.0,5.8,Low,Yes,1
55,Male,26.0,164.0,143.0,121.0,5.5,Medium,Yes,1
20,Male,25.8,139.0,,,5.8,Medium,No,1
30,Male,30.0,133.0,141.0,109.0,5.2,Medium,Yes,1
41,Female,28.9,129.0,146.0,164.0,5.1,Medium,Yes,1
55,Male,,141.0,130.0,66.0,5.4,Low,Yes,1
44,Male,30.2,142.0,144.0,194.0,,High,No,1
47,Male,24.6,153.0,134.0,92.0,5.7,Low,No,1
29,Female,33.1,101.0,120.0,79.0,4.9,High,No,0
50,Female,20.8,116.0,130.0,91.0,5.0,High,No,0
51,Female,29.7,163.0,154.0,119.0,5.9,Medium,,1
54,Male,21.6,136.0,149.0,94.0,,High,No,1
52,Male,30.8,122.0,151.0,106.0,6.0,Low,Yes,1
74,Male,29.2,126.0,69.0,134.0,5.6,High,No,1
38,Male,29.2,136.0,154.0,178.0,5.1,Medium,Yes,1
53,Female,18.4,146.0,142.0,124.0,5.7,Medium,Yes,1
63,Male,26.3,148.0,147.0,76.0,5.6,Medium,No,1
61,Female,29.4,131.0,132.0,110.0,5.5,Medium,No,1
53,Female,35.2,146.0,148.0,176.0,5.8,Medium,Yes,1
32,Male,19.2,125.0,119.0,140.0,4.9,Low,No,0
67,Male,27.2,155.0,136.0,243.0,5.9,Medium,No,1
51,Female,28.7,143.0,164.0,144.0,5.8,Low,No,1
43,Male,29.7,138.0,137.0,,5.2,Low,No,1
61,Male,24.9,147.0,159.0,87.0,5.6,Medium,,1
22,Female,42.0,116.0,126.0,52.0,5.1,High,No,0
37,Female,24.9,150.0,126.0,91.0,5.7,Low,Yes,1
57,Female,,138.0,141.0,107.0,5.4,Medium,No,1
24,Female,20.0,143.0,122.0,106.0,5.1,Medium,No,1
42,Male,,175.0,152.0,150.0,6.0,,No,1
37,Male,27.8,130.0,151.0,115.0,5.1,Medium,Yes,1
59,Male,28.7,170.0,156.0,142.0,6.1,Medium,,1
18,Female,27.5,139.0,,96.0,5.2,Medium,Yes,1
38,Male,26.7,127.0,130.0,178.0,5.4,Medium,Yes,1
62,Female,33.3,153.0,167.0,234.0,6.0,Medium,No,1
54,Female,28.3,164.0,141.0,125.0,5.7,Low,Yes,1
39,Male,30.3,121.0,119.0,106.0,5.4,High,,0
47,Female,30.9,154.0,148.0,170.0,5.9,High,No,1
48,Female,27.0,172.0,135.0,138.0,6.1,Low,No,1
30,Male,24.4,134.0,128.0,135.0,5.6,Medium,No,1
75,Male,26.0,149.0,,133.0,,High,Yes,1
46,Male,26.4,112.0,135.0,112.0,4.8,Low,No,0
27,Male,17.0,95.0,129.0,89.0,4.7,High,,0
38,Male,30.9,148.0,125.0,163.0,5.8,Medium,No,1
32,Male,30.7,125.0,126.0,,5.2,,Yes,1
54,Male,17.8,,134.0,63.0,5.2,Medium,Yes,0
42,Female,26.0,134.0,138.0,149.0,5.5,Medium,No,1
50,Female,34.0,146.0,130.0,193.0,5.7,Medium,Yes,1
58,Male,25.9,157.0,159.0,120.0,5.9,Low,No,1
34,Female,33.4,133.0,135.0,164.0,5.5,Low,No,1
85,Female,24.7,160.0,159.0,,6.1,Medium,Yes,1
61,Male,21.4,118.0,156.0,123.0,5.1,Medium,No,0
53,Male,,153.0,147.0,100.0,5.6,Medium,No,1
83,Male,23.4,146.0,167.0,128.0,5.4,Medium,No,1
81,Male,19.7,138.0,162.0,151.0,5.1,Medium,No,1
25,Female,31.4,162.0,140.0,181.0,6.2,Medium,No,1
49,Female,,129.0,154.0,127.0,5.4,Medium,Yes,1
44,Female,26.9,165.0,142.0,171.0,7.2,Medium,Yes,1
58,Male,25.6,150.0,152.0,145.0,5.8,Low,No,1
35,Female,21.9,119.0,131.0,86.0,4.7,High,No,0
65,Male,29.6,166.0,154.0,119.0,6.2,Medium,Yes,1
43,Male,22.9,146.0,152.0,110.0,5.7,High,No,1
59,Male,17.0,118.0,135.0,103.0,5.3,Low,No,0
43,Male,30.2,115.0,128.0,116.0,4.7,Medium,No,1
37,Male,32.5,157.0,128.0,128.0,6.1,Medium,No,1
40,Male,28.6,171.0,149.0,109.0,6.1,Low,Yes,1
57,Female,24.0,137.0,146.0,162.0,5.6,High,Yes,1
18,Male,23.4,114.0,124.0,535.0,5.5,Medium,Yes,1
40,Female,30.5,160.0,132.0,168.0,6.1,Low,No,1
49,Female,32.4,,139.0,124.0,5.3,Medium,No,1
38,Male,23.9,250.0,128.0,129.0,5.6,High,No,1
53,Female,29.5,165.0,151.0,130.0,6.5,Medium,No,1
54,Female,,122.0,138.0,130.0,5.6,Low,No,0
85,Female,24.5,140.0,152.0,101.0,5.8,Medium,No,1
40,Male,29.4,124.0,130.0,121.0,5.0,Medium,No,0
47,Male,19.7,103.0,129.0,105.0,5.0,Medium,Yes,0
59,Male,28.7,144.0,146.0,132.0,6.3,Medium,Yes,1
74,Male,20.4,152.0,147.0,106.0,5.4,Medium,Yes,1
28,Female,33.4,259.0,133.0,152.0,6.1,Low,Yes,1
32,Male,27.3,129.0,129.0,141.0,5.3,Medium,No,1
54,Male,23.9,136.0,146.0,111.0,5.0,Low,No,1
49,Male,35.4,154.0,206.0,166.0,6.0,Medium,Yes,1
48,Female,24.9,127.0,139.0,137.0,5.0,Low,No,1
39,Male,26.1,122.0,118.0,158.0,5.7,High,No,0
36,Female,23.1,109.0,123.0,21.0,5.4,High,No,0
64,Male,28.6,114.0,156.0,72.0,5.4,High,No,0
55,Male,23.4,94.0,127.0,36.0,4.9,High,Yes,0
44,Male,27.9,117.0,,122.0,6.0,High,No,0
53,Male,26.1,136.0,135.0,129.0,5.3,Low,Yes,1
47,Male,21.0,132.0,135.0,62.0,5.9,Medium,No,1
40,Male,35.1,168.0,147.0,518.0,6.0,Medium,Yes,1
29,Female,19.9,139.0,127.0,59.0,5.5,High,No,1
38,Male,27.2,135.0,135.0,109.0,4.8,Low,No,1
43,Female,24.7,,136.0,140.0,5.7,Medium,No,0
47,Male,24.5,141.0,150.0,144.0,6.0,Medium,No,1
39,Male,20.8,122.0,207.0,109.0,4.9,High,No,0
18,Female,28.0,,108.0,131.0,5.8,Low,Yes,0
53,Male,20.1,148.0,136.0,163.0,5.8,Low,Yes,1
65,Female,24.6,159.0,150.0,139.0,6.0,Medium,Yes,1
51,Female,19.8,139.0,147.0,125.0,5.5,Medium,No,1
42,Female,30.8,130.0,133.0,101.0,6.1,Medium,No,1
46,Female,20.7,147.0,155.0,,5.4,Medium,Yes,1
29,Male,31.8,138.0,136.0,189.0,5.8,Medium,,1
60,Female,22.0,125.0,129.0,97.0,5.2,High,Yes,1
59,Female,25.0,112.0,137.0,155.0,5.8,Medium,No,0
58,Female,23.8,147.0,145.0,138.0,5.9,Medium,No,1
60,Male,26.5,154.0,170.0,151.0,11.2,Medium,No,1
46,Male,27.1,148.0,133.0,131.0,,Medium,Yes,1
20,Male,20.9,,128.0,73.0,5.0,High,No,0
48,Male,29.6,149.0,151.0,149.0,6.4,High,No,1
28,Female,23.7,121.0,119.0,149.0,13.8,Medium,Yes,1
68,Male,23.0,149.0,143.0,133.0,5.8,,Yes,1
57,Female,25.0,134.0,137.0,170.0,5.8,High,Yes,1
25,Male,28.0,141.0,133.0,106.0,,,No,1
42,Female,29.5,257.0,122.0,128.0,5.5,Low,Yes,1
83,Male,25.7,156.0,157.0,63.0,6.3,Low,No,1
61,Female,28.9,140.0,141.0,125.0,5.6,Medium,No,1
49,Male,23.5,158.0,211.0,140.0,6.6,Medium,Yes,1
41,Female,28.4,146.0,129.0,83.0,6.1,Medium,No,1
56,Female,29.9,144.0,163.0,150.0,,Medium,No,1
22,Female,25.1,110.0,129.0,141.0,6.4,Low,No,0
28,Male,29.1,136.0,131.0,182.0,5.9,Low,Yes,1
49,Male,17.0,132.0,152.0,141.0,5.4,Low,Yes,1
36,Male,19.8,101.0,152.0,,4.9,High,No,0
85,Female,20.4,154.0,155.0,66.0,5.8,Low,,1
65,Female,19.6,139.0,148.0,124.0,4.9,Medium,Yes,1
47,Male,34.7,159.0,142.0,110.0,6.3,Low,No,1
25,Male,29.1,165.0,128.0,179.0,6.6,Low,Yes,1
43,Female,27.5,130.0,147.0,111.0,5.2,Medium,No,1
56,Male,29.5,137.0,147.0,154.0,5.6,Medium,No,1
64,Male,28.8,118.0,150.0,121.0,5.0,High,No,0
71,Male,29.5,190.0,140.0,162.0,6.7,Medium,Yes,1
29,Male,18.2,144.0,125.0,55.0,5.7,Medium,Yes,1
32,Male,25.2,145.0,141.0,153.0,5.5,High,No,1
18,Female,17.0,122.0,,122.0,8.4,Medium,Yes,1
34,Male,,142.0,144.0,176.0,5.6,Medium,Yes,1
41,Male,22.9,144.0,129.0,95.0,6.0,Medium,Yes,1
42,Male,21.9,134.0,133.0,128.0,4.5,High,Yes,1
29,Male,24.6,90.0,131.0,164.0,5.3,High,No,0
65,Female,32.0,179.0,155.0,159.0,6.4,Low,Yes,1
40,Male,22.1,147.0,148.0,193.0,5.6,Medium,Yes,1
46,Male,25.4,106.0,141.0,63.0,5.4,High,No,0
30,Female,21.8,126.0,126.0,118.0,5.2,High,No,1
63,Male,18.2,135.0,169.0,115.0,5.7,Medium,No,1
47,Female,24.6,103.0,149.0,146.0,5.5,Medium,No,0
28,Male,31.6,164.0,132.0,188.0,6.3,Low,Yes,1
24,Male,30.9,152.0,134.0,186.0,5.6,Medium,No,1
40,Male,24.1,137.0,130.0,153.0,5.1,Medium,No,1
48,Male,23.0,171.0,146.0,75.0,6.2,Low,Yes,1
60,Male,29.9,158.0,164.0,148.0,6.3,Low,No,1
47,Male,23.6,106.0,145.0,112.0,4.4,,No,0
85,Female,27.5,174.0,178.0,166.0,6.3,Low,No,1
46,Female,21.6,142.0,133.0,130.0,5.7,High,Yes,1
45,Male,21.0,140.0,138.0,170.0,6.3,Low,Yes,1
75,Male,23.3,133.0,169.0,109.0,5.4,Medium,Yes,1
22,Male,23.8,121.0,136.0,149.0,5.3,Medium,No,0
65,Female,25.8,161.0,143.0,185.0,5.9,Low,Yes,1
55,Male,25.5,128.0,164.0,160.0,4.5,Medium,Yes,1
35,Female,22.4,122.0,121.0,51.0,5.0,High,No,0
18,Male,29.8,135.0,134.0,178.0,6.4,Medium,No,1
61,Female,26.6,,142.0,118.0,5.6,Low,Yes,0
64,Male,26.7,122.0,140.0,116.0,4.8,High,No,0
47,Male,31.2,133.0,147.0,135.0,6.4,Low,No,1
36,Male,18.9,,90.0,131.0,4.8,Medium,No,0
45,Male,24.9,118.0,152.0,138.0,5.1,Low,No,0
69,Female,24.3,140.0,154.0,81.0,5.4,Low,No,1
71,Male,28.2,132.0,142.0,138.0,5.5,High,No,1
40,Female,,162.0,143.0,131.0,5.8,Low,Yes,1
50,Female,29.6,120.0,141.0,166.0,5.5,Medium,No,0
54,Male,,128.0,137.0,81.0,5.5,High,No,1
75,Male,,138.0,143.0,27.0,5.1,Low,No,1
37,Female,24.0,115.0,126.0,189.0,5.8,High,No,0
85,Female,33.6,171.0,162.0,124.0,6.1,Low,Yes,1
42,Female,19.1,136.0,138.0,102.0,5.2,,Yes,1
48,Female,25.4,142.0,129.0,158.0,5.0,Low,No,1
34,Female,34.3,114.0,137.0,69.0,5.2,Medium,Yes,1
52,Female,22.0,,152.0,132.0,5.2,Medium,No,0
58,Male,21.1,147.0,133.0,46.0,5.5,Low,No,1
59,Male,27.8,159.0,146.0,114.0,5.5,High,Yes,1
48,Female,24.9,153.0,144.0,167.0,6.2,Medium,Yes,1
33,Male,26.7,130.0,128.0,69.0,5.5,Medium,No,1
40,Female,21.8,132.0,116.0,139.0,5.4,High,,1
49,Male,26.0,136.0,150.0,106.0,5.6,High,Yes,1
63,Female,25.4,149.0,160.0,167.0,5.9,Medium,Yes,1
74,Male,29.2,151.0,172.0,,5.9,Medium,No,1
39,Male,26.3,116.0,143.0,96.0,4.7,Medium,Yes,1
77,Female,28.5,120.0,148.0,91.0,5.7,Medium,No,0
54,Male,25.7,137.0,145.0,61.0,6.2,Medium,No,1
35,Male,20.3,143.0,133.0,102.0,5.3,Medium,No,1
56,Male,25.1,139.0,131.0,168.0,6.0,Medium,No,1
33,Male,21.1,153.0,131.0,134.0,6.1,Low,Yes,1
78,Male,29.9,144.0,153.0,159.0,5.6,Low,No,1
47,Male,,172.0,135.0,181.0,6.2,Low,,1
46,Female,31.4,164.0,144.0,146.0,5.6,Medium,No,1
56,Male,24.9,143.0,147.0,51.0,5.3,Medium,No,1
63,Male,23.6,172.0,,82.0,5.8,Low,Yes,1
73,Male,17.0,150.0,158.0,41.0,5.1,Low,Yes,1
28,Female,23.6,118.0,142.0,,5.1,High,Yes,1
47,Male,32.0,156.0,131.0,236.0,6.3,Medium,Yes,1
45,Male,25.4,112.0,127.0,93.0,5.3,,Yes,1
28,Female,17.0,123.0,117.0,81.0,4.9,High,No,0
50,Female,45.8,132.0,152.0,,4.9,Low,No,1
34,Male,26.6,158.0,136.0,112.0,6.0,Low,No,1
60,Female,27.3,169.0,148.0,200.0,6.2,Medium,Yes,1
73,Female,26.0,105.0,159.0,63.0,5.3,High,No,0
48,Female,32.2,,144.0,134.0,6.1,Medium,No,1
57,Female,24.5,144.0,151.0,122.0,5.6,Medium,Yes,1
22,Female,23.2,135.0,122.0,115.0,5.8,Medium,No,1
45,Male,26.2,124.0,147.0,,5.3,Medium,No,0
59,Male,27.7,137.0,149.0,96.0,6.2,Low,Yes,1
58,Female,33.7,158.0,149.0,161.0,5.8,Medium,No,1
63,Female,28.6,151.0,147.0,175.0,5.4,Medium,No,1
55,Female,33.3,150.0,157.0,130.0,5.6,Medium,Yes,1
50,Female,25.6,124.0,132.0,,5.1,Medium,No,0
50,Female,27.9,136.0,125.0,132.0,5.3,High,No,1
72,Male,22.0,133.0,158.0,97.0,5.8,Low,No,1
70,Male,25.3,156.0,164.0,119.0,5.7,Medium,No,1
18,Male,31.4,112.0,136.0,308.0,5.5,Medium,No,0
47,Female,,132.0,145.0,175.0,5.3,Medium,No,1
20,Male,25.2,152.0,141.0,118.0,5.6,Medium,No,1
52,Male,29.7,152.0,156.0,145.0,5.7,Low,No,1
41,Female,24.9,129.0,148.0,68.0,5.4,Medium,No,1
62,Female,30.5,136.0,178.0,221.0,5.6,High,No,1
39,Male,26.1,165.0,,140.0,6.5,Low,No,1
74,Male,26.4,143.0,141.0,162.0,6.2,High,No,1
18,Female,32.1,147.0,103.0,178.0,6.1,Medium,No,1
53,Male,32.8,155.0,150.0,151.0,6.2,Medium,No,1
55,Female,25.5,121.0,147.0,93.0,4.6,High,No,0
57,Female,27.1,175.0,143.0,170.0,,Low,No,1
66,Female,26.1,138.0,155.0,94.0,5.6,Medium,No,1
47,Female,29.0,121.0,146.0,119.0,5.0,High,No,0
51,Female,23.2,137.0,155.0,121.0,5.5,High,Yes,1
29,Female,26.5,,125.0,161.0,5.9,Medium,Yes,0
23,Female,30.2,122.0,128.0,107.0,4.8,High,No,0
45,Female,26.1,152.0,153.0,174.0,6.2,Medium,Yes,1
45,Female,27.0,142.0,163.0,115.0,5.3,Medium,No,1
72,Male,31.0,161.0,167.0,92.0,5.6,Medium,No,1
21,Male,22.7,104.0,103.0,534.0,4.8,High,No,0
19,Male,25.3,139.0,127.0,202.0,5.7,Medium,Yes,1
51,Female,31.1,158.0,153.0,189.0,5.4,Medium,Yes,1
44,Female,28.4,139.0,144.0,137.0,5.8,Low,No,1
47,Male,25.5,118.0,153.0,143.0,4.9,Medium,No,0
70,Female,27.2,157.0,164.0,110.0,6.2,Medium,No,1
64,Female,26.9,127.0,152.0,85.0,5.4,Medium,No,1
31,Female,30.3,138.0,121.0,144.0,5.4,Medium,Yes,1
42,Male,33.3,143.0,162.0,59.0,5.3,Low,No,1
47,Female,23.3,148.0,141.0,45.0,,Low,No,1
27,Male,25.1,134.0,147.0,172.0,5.9,High,Yes,1
31,Female,20.1,157.0,130.0,109.0,5.4,Low,Yes,1
18,Female,24.0,131.0,132.0,117.0,5.2,Medium,Yes,1
74,Male,24.2,167.0,158.0,,6.7,Low,No,1
49,Male,32.5,112.0,144.0,168.0,5.3,Low,No,1
37,Male,29.3,164.0,127.0,160.0,6.0,Medium,No,1
60,Female,26.7,126.0,208.0,107.0,5.0,Medium,No,1
62,Male,34.2,168.0,131.0,167.0,6.7,Low,Yes,1
47,Female,23.6,146.0,142.0,111.0,5.4,Low,No,1
55,Female,29.6,129.0,145.0,93.0,5.3,High,No,1
40,Male,30.3,158.0,135.0,153.0,5.9,Medium,No,1
33,Male,28.1,132.0,138.0,200.0,5.7,High,Yes,1
32,Female,27.1,133.0,125.0,592.0,5.4,High,Yes,1
59,Male,29.3,111.0,149.0,119.0,4.9,Medium,Yes,1
45,Male,18.9,145.0,129.0,79.0,5.6,Low,No,1
70,Female,48.0,137.0,167.0,105.0,5.9,Medium,No,1
47,Female,17.0,131.0,137.0,150.0,4.7,,Yes,1
41,Male,26.6,114.0,115.0,151.0,5.7,Medium,No,0
47,Female,17.3,108.0,155.0,125.0,5.7,Low,No,0
28,Male,22.7,100.0,138.0,92.0,5.1,Medium,No,0
44,Female,30.2,126.0,131.0,207.0,5.4,Medium,No,1
45,Male,33.0,165.0,139.0,172.0,5.8,Low,Yes,1
59,Male,25.2,146.0,148.0,148.0,6.0,Medium,Yes,1
45,Male,24.4,125.0,144.0,,5.0,Medium,Yes,1
33,Female,24.4,129.0,118.0,197.0,5.2,Medium,No,1
60,Female,21.3,151.0,149.0,162.0,5.5,Medium,No,1
68,Female,27.1,138.0,151.0,116.0,5.7,Medium,No,1
34,Female,23.9,140.0,143.0,305.0,4.9,Medium,No,1
81,Male,24.7,144.0,161.0,127.0,5.3,Medium,No,1
44,Male,24.5,120.0,157.0,139.0,4.7,High,No,0
76,Female,30.7,168.0,156.0,222.0,5.9,Medium,No,1
66,Male,24.4,148.0,,170.0,5.8,Medium,No,1
41,Female,23.4,111.0,121.0,155.0,4.7,Medium,Yes,1
53,Male,26.6,160.0,136.0,203.0,6.3,Low,No,1
46,Male,25.6,,134.0,123.0,5.6,Medium,Yes,0
46,Male,23.7,138.0,123.0,169.0,5.0,Medium,No,1
49,Female,20.7,160.0,114.0,168.0,5.6,Medium,No,1
58,Female,,148.0,143.0,163.0,5.6,Medium,Yes,1
66,Female,33.0,146.0,161.0,187.0,5.4,Medium,Yes,1
27,Male,32.3,124.0,141.0,159.0,5.9,High,No,0
53,Female,30.9,164.0,148.0,126.0,6.1,Low,No,1
44,Female,25.3,128.0,128.0,110.0,4.7,Low,Yes,1
69,Female,26.5,118.0,138.0,83.0,4.8,Medium,No,0
37,Male,24.9,102.0,125.0,90.0,4.8,High,No,0
49,Female,30.4,160.0,150.0,108.0,6.2,Medium,No,1
36,Female,28.2,145.0,139.0,189.0,6.2,Low,No,1
36,Female,25.1,128.0,141.0,144.0,5.8,High,Yes,1
59,Female,22.5,137.0,142.0,130.0,5.4,Medium,Yes,1
52,Male,25.2,145.0,130.0,126.0,6.1,Low,Yes,1
58,Female,18.4,139.0,146.0,124.0,5.7,Low,No,1
45,Male,24.1,212.0,141.0,103.0,5.6,Low,No,1
68,Female,18.0,164.0,135.0,137.0,5.4,Low,Yes,1
61,Female,30.7,150.0,160.0,154.0,6.4,High,No,1
53,Male,26.4,129.0,155.0,89.0,5.7,Low,No,1
71,Female,31.7,81.0,151.0,185.0,6.0,Medium,No,1
37,Male,29.4,107.0,,,5.2,Medium,No,0
42,Female,26.8,120.0,148.0,129.0,5.7,High,Yes,1
35,Male,25.9,135.0,123.0,161.0,6.1,Low,No,1
38,Female,26.5,131.0,144.0,148.0,4.9,Medium,No,1
56,Male,24.1,124.0,136.0,93.0,5.6,Medium,No,0
54,Male,22.9,101.0,137.0,85.0,4.7,High,No,0
46,Female,29.4,140.0,137.0,147.0,5.3,Medium,Yes,1
48,Male,31.6,126.0,153.0,,5.4,,No,1
57,Male,25.5,170.0,167.0,143.0,6.3,Medium,No,1
60,Female,28.6,142.0,137.0,181.0,5.1,High,No,1
36,Male,24.1,105.0,145.0,95.0,4.8,Medium,No,0
80,Male,21.0,137.0,167.0,,5.0,High,No,1
72,Male,,129.0,66.0,154.0,5.4,Low,Yes,1
60,Female,26.6,114.0,160.0,175.0,4.9,High,Yes,1
40,Male,26.2,162.0,,93.0,6.4,High,Yes,1
64,Female,24.1,139.0,159.0,104.0,5.5,Medium,Yes,1
76,Female,25.1,151.0,168.0,109.0,6.2,High,Yes,1
45,Female,26.9,154.0,151.0,146.0,6.0,Low,Yes,1
55,Male,23.9,131.0,141.0,183.0,5.2,Medium,No,1
46,Male,29.0,155.0,146.0,196.0,5.5,Medium,Yes,1
48,Male,28.0,157.0,149.0,127.0,6.3,Medium,No,1
31,Female,32.5,139.0,120.0,,5.3,Medium,No,1
85,Female,27.9,117.0,160.0,132.0,5.7,High,No,0
60,Male,24.4,145.0,138.0,99.0,5.4,Medium,Yes,1
59,Female,27.6,134.0,156.0,126.0,4.9,Medium,Yes,1
47,Female,26.0,172.0,155.0,147.0,6.1,Medium,Yes,1
26,Female,28.8,157.0,133.0,,13.5,Medium,No,1
72,Male,,163.0,165.0,80.0,5.9,Low,Yes,1
41,Male,19.0,130.0,143.0,91.0,4.9,Medium,Yes,1
29,Female,29.6,139.0,124.0,,5.5,Medium,No,1
66,Male,31.9,189.0,165.0,137.0,6.3,Low,No,1
50,Male,28.8,177.0,147.0,205.0,6.2,Low,Yes,1
35,Male,26.3,123.0,130.0,123.0,5.0,High,Yes,1
55,Male,22.5,109.0,153.0,128.0,5.2,High,No,0
46,Female,26.8,122.0,136.0,101.0,5.1,High,Yes,1
64,Female,25.9,141.0,155.0,63.0,6.0,Medium,No,1
31,Male,34.0,127.0,91.0,168.0,,High,No,1
37,Male,26.0,172.0,126.0,171.0,6.2,Medium,Yes,1
55,Male,27.4,128.0,141.0,42.0,5.2,High,Yes,1
43,Female,26.5,146.0,121.0,115.0,5.8,High,Yes,1
71,Female,35.9,157.0,146.0,166.0,5.8,Medium,No,1
54,Female,26.1,128.0,137.0,136.0,5.4,Medium,No,1
52,Female,25.9,126.0,149.0,137.0,5.2,Medium,Yes,1
44,Male,23.4,100.0,136.0,111.0,4.8,High,No,0
56,Female,27.1,126.0,145.0,215.0,6.1,High,No,1
38,Male,24.4,142.0,135.0,188.0,5.3,Low,No,1
48,Female,32.6,143.0,138.0,143.0,5.9,Low,No,1
80,Male,23.4,177.0,161.0,136.0,5.7,Low,No,1
37,Male,24.2,133.0,132.0,162.0,5.2,Medium,No,1
45,Male,25.1,163.0,144.0,188.0,6.1,Low,,1
85,Male,30.9,140.0,162.0,116.0,6.3,Medium,No,1
18,Female,24.3,131.0,130.0,95.0,6.4,Medium,No,1
46,Female,27.6,137.0,143.0,153.0,5.7,Medium,Yes,1
43,Female,34.6,159.0,149.0,223.0,6.6,Medium,No,1
52,Female,26.7,68.0,138.0,138.0,6.1,Low,,0
29,Female,23.7,131.0,119.0,145.0,,Medium,Yes,1
33,Female,25.6,119.0,140.0,88.0,5.6,High,No,0
43,Male,30.8,151.0,129.0,,5.5,High,No,1
36,Male,26.3,146.0,128.0,184.0,5.7,Medium,No,1
55,Female,24.9,158.0,149.0,94.0,6.1,Medium,Yes,1
38,Male,27.2,111.0,126.0,148.0,4.9,High,No,0
45,Female,29.7,130.0,132.0,52.0,5.2,Medium,No,1
56,Female,23.9,156.0,167.0,156.0,5.8,Low,Yes,1
37,Female,28.1,144.0,131.0,143.0,5.6,High,No,1
59,Male,24.2,139.0,150.0,147.0,5.1,High,Yes,1
53,Male,28.9,146.0,130.0,132.0,6.1,Medium,No,1
54,Female,25.8,130.0,133.0,110.0,5.0,Medium,No,1
55,Male,26.9,145.0,144.0,666.0,5.4,Medium,No,1
56,Male,18.6,146.0,157.0,176.0,5.2,Low,No,1
85,Male,29.4,125.0,166.0,120.0,6.0,Medium,No,0
43,Male,33.8,149.0,139.0,181.0,6.5,Medium,No,1
58,Male,26.5,141.0,148.0,182.0,5.2,Low,No,1
50,Female,25.1,145.0,140.0,147.0,5.9,Medium,Yes,1
41,Male,24.2,139.0,133.0,65.0,5.5,Low,No,1
33,Female,26.0,142.0,142.0,164.0,5.9,Medium,Yes,1
49,Male,26.6,145.0,149.0,128.0,5.7,Medium,No,1
47,Male,,,137.0,156.0,5.7,Medium,Yes,0
48,Male,20.5,137.0,138.0,119.0,5.3,Medium,Yes,1
52,Male,23.2,159.0,150.0,113.0,5.7,Low,No,1
64,Male,21.2,137.0,,167.0,5.5,Medium,No,1
39,Male,26.2,111.0,148.0,73.0,4.9,Medium,No,0
84,Male,29.7,168.0,163.0,154.0,6.7,Medium,No,1
55,Male,28.5,130.0,148.0,126.0,5.1,Medium,No,1
30,Male,23.3,134.0,143.0,80.0,5.6,High,No,1
67,Female,31.7,158.0,139.0,152.0,5.9,,No,1
44,Female,19.9,105.0,143.0,136.0,5.0,High,No,0
18,Male,28.4,113.0,143.0,104.0,4.9,High,Yes,1
47,Male,30.3,,150.0,104.0,5.6,Medium,Yes,1
64,Male,27.5,119.0,143.0,101.0,5.2,High,Yes,1
58,Female,27.8,138.0,149.0,170.0,5.9,Medium,No,1
62,Female,22.9,148.0,156.0,109.0,5.6,Medium,Yes,1
52,Male,30.8,157.0,160.0,,5.8,High,,1
44,Male,19.7,65.0,140.0,138.0,5.5,Medium,Yes,0
38,Male,27.9,112.0,137.0,98.0,5.0,High,Yes,1
27,Male,,104.0,133.0,86.0,5.5,High,No,0
29,Male,23.7,134.0,135.0,46.0,5.3,High,No,1
70,Male,26.4,127.0,166.0,104.0,5.8,High,No,1
54,Male,25.9,156.0,163.0,119.0,5.6,Low,Yes,1
44,Male,23.1,150.0,138.0,161.0,5.6,High,Yes,1
28,Female,32.3,137.0,150.0,167.0,5.8,Medium,Yes,1
53,Male,,135.0,162.0,,5.5,Medium,Yes,1
29,Female,27.1,147.0,133.0,164.0,5.4,Medium,No,1
38,Male,33.7,124.0,128.0,71.0,5.5,Medium,No,0
67,Male,21.8,142.0,161.0,147.0,5.1,Medium,No,1
55,Female,23.7,,135.0,147.0,4.8,Medium,No,0
76,Female,,176.0,168.0,203.0,5.9,Medium,No,1
31,Male,23.4,113.0,131.0,81.0,6.0,Medium,No,0
30,Male,26.9,146.0,121.0,98.0,6.3,Low,Yes,1
65,Female,27.3,151.0,160.0,176.0,6.2,Low,No,1
58,Female,30.7,138.0,151.0,157.0,5.5,Medium,No,1
62,Female,26.4,120.0,158.0,152.0,5.4,Medium,No,0
46,Male,31.1,154.0,138.0,151.0,5.3,Low,No,1
54,Female,26.1,144.0,142.0,,6.3,Medium,No,1
38,Male,27.4,142.0,139.0,133.0,5.1,High,Yes,1
26,Female,28.5,,125.0,182.0,,Low,No,0
39,Male,23.3,148.0,146.0,105.0,5.6,Medium,No,1
77,Female,30.4,131.0,140.0,98.0,5.8,,No,1
37,Female,28.7,141.0,154.0,130.0,6.2,High,Yes,1
77,Male,30.4,59.0,149.0,153.0,6.4,Medium,No,1
18,Male,25.5,133.0,111.0,153.0,4.8,High,No,1
55,Male,30.5,144.0,130.0,74.0,6.1,Medium,No,1
66,Female,28.3,158.0,147.0,193.0,5.9,Medium,,1
43,Male,23.8,141.0,138.0,104.0,5.8,Medium,No,1
76,Female,28.6,141.0,160.0,135.0,5.7,Medium,No,1
47,Male,22.1,133.0,127.0,256.0,4.7,Low,Yes,1
46,Male,19.9,136.0,166.0,146.0,5.7,High,Yes,1
35,Female,27.3,146.0,136.0,153.0,5.6,Low,No,1
38,Female,25.0,142.0,140.0,170.0,6.3,Medium,Yes,1
41,Female,27.3,173.0,151.0,159.0,5.8,Medium,Yes,1
85,Female,27.9,149.0,160.0,180.0,6.4,High,Yes,1
34,Male,26.2,169.0,,185.0,5.9,Medium,No,1
59,Female,20.8,150.0,141.0,122.0,5.5,Medium,Yes,1
46,Female,22.3,139.0,140.0,136.0,5.5,Low,No,1
66,Male,19.2,143.0,153.0,108.0,5.4,Low,No,1
55,Male,23.7,,134.0,145.0,5.3,Low,No,0
58,Male,26.4,115.0,157.0,102.0,5.2,Medium,No,0
64,Female,30.2,140.0,151.0,,,Low,No,1
47,Male,24.3,150.0,152.0,167.0,,Low,No,1
42,Female,20.7,130.0,135.0,120.0,5.2,Medium,No,1
45,Female,21.3,117.0,133.0,135.0,5.4,Medium,Yes,1
42,Female,17.0,127.0,113.0,78.0,4.8,Medium,No,1
41,Female,19.9,157.0,148.0,167.0,,Low,Yes,1
65,Male,23.9,158.0,153.0,125.0,5.8,Medium,No,1
84,Female,29.3,147.0,181.0,182.0,5.3,Low,No,1
56,Male,24.8,137.0,138.0,161.0,4.3,Medium,Yes,1
37,Female,25.6,116.0,146.0,145.0,5.0,Medium,No,0
30,Male,27.1,140.0,137.0,87.0,,Medium,Yes,1
54,Male,,138.0,146.0,156.0,5.7,Medium,Yes,1
44,Male,23.0,149.0,128.0,134.0,5.4,Medium,Yes,1
31,Female,23.2,126.0,148.0,137.0,5.7,Medium,Yes,1
33,Male,25.2,129.0,143.0,144.0,5.4,Medium,No,1
75,Female,20.8,170.0,168.0,,5.7,Low,Yes,1
56,Male,22.9,167.0,138.0,127.0,6.2,Low,Yes,1
21,Female,,125.0,123.0,92.0,4.8,High,No,0
85,Female,30.5,172.0,144.0,184.0,6.5,High,Yes,1
39,Male,22.1,137.0,116.0,114.0,5.5,Low,No,1
46,Male,28.6,157.0,108.0,139.0,6.3,Low,No,1
50,Female,29.7,161.0,128.0,138.0,5.8,Medium,Yes,1
83,Female,26.2,146.0,158.0,155.0,5.9,Low,Yes,1
56,Male,19.1,136.0,147.0,100.0,5.3,Medium,No,1
51,Male,28.8,114.0,141.0,110.0,4.3,Medium,No,0
43,Female,28.6,134.0,128.0,151.0,5.5,Medium,Yes,1
72,Male,23.2,160.0,151.0,126.0,6.2,Low,Yes,1
57,Male,28.8,136.0,128.0,171.0,5.4,High,No,1
43,Female,21.5,140.0,141.0,137.0,4.9,Medium,Yes,1
64,Female,28.8,136.0,,,6.0,High,No,1
44,Male,27.6,158.0,140.0,126.0,5.9,Low,No,1
52,Female,26.3,127.0,139.0,94.0,4.5,Medium,No,1
50,Female,24.4,131.0,144.0,87.0,5.7,Medium,No,1
39,Female,33.5,181.0,154.0,116.0,5.4,Medium,No,1
74,Male,23.6,131.0,164.0,100.0,5.5,Medium,No,1
29,Female,23.9,163.0,121.0,140.0,6.2,Medium,No,1
51,Male,24.2,126.0,148.0,,4.9,High,No,1
72,Female,32.3,151.0,160.0,186.0,5.9,High,No,1
44,Female,24.2,146.0,138.0,92.0,5.7,Low,No,1
70,Female,26.7,157.0,159.0,115.0,6.0,Low,No,1
57,Female,25.5,160.0,132.0,129.0,5.7,Low,No,1
38,Male,27.5,151.0,122.0,131.0,5.7,Low,No,1
58,Male,28.4,131.0,145.0,90.0,5.6,High,Yes,1
80,Male,25.0,162.0,149.0,138.0,6.2,Low,No,1
71,Female,28.5,131.0,158.0,106.0,5.3,Medium,No,1
21,Female,24.8,124.0,131.0,135.0,4.7,Low,No,0
73,Male,31.2,148.0,166.0,90.0,5.9,Medium,No,1
34,Male,32.1,149.0,142.0,142.0,5.3,Low,Yes,1
52,Female,23.6,136.0,137.0,76.0,5.6,Low,No,1
55,Female,22.7,,135.0,126.0,4.7,Medium,No,0
77,Male,26.8,108.0,158.0,100.0,5.3,Low,No,0
38,Female,24.1,,140.0,,5.9,Medium,,0
38,Female,22.3,121.0,144.0,140.0,5.7,Low,No,0
26,Female,18.6,118.0,125.0,694.0,5.6,Low,No,0
37,Male,25.6,159.0,130.0,156.0,5.9,Low,Yes,1
40,Female,19.6,123.0,126.0,185.0,5.1,High,Yes,1
65,Female,27.1,150.0,165.0,108.0,5.8,Low,Yes,1
61,Female,31.7,162.0,156.0,104.0,5.9,Medium,Yes,1
53,Male,24.1,129.0,166.0,134.0,5.3,High,Yes,1
40,Male,33.4,147.0,129.0,109.0,5.9,Medium,No,1
69,Female,29.8,156.0,156.0,134.0,6.1,Low,Yes,1
70,Female,25.9,257.0,173.0,167.0,5.9,Medium,No,1
49,Male,24.8,129.0,140.0,133.0,5.0,Low,No,1
31,Male,21.2,146.0,126.0,181.0,5.4,Medium,No,1
60,Female,26.1,160.0,152.0,223.0,5.4,Low,No,1
41,Female,,141.0,,158.0,5.2,Medium,No,1
80,Male,24.8,172.0,136.0,155.0,6.5,Medium,No,1
61,Male,24.3,127.0,139.0,31.0,5.4,Low,Yes,1
52,Male,17.0,136.0,135.0,187.0,5.6,Low,No,1
66,Male,26.4,149.0,161.0,222.0,5.8,Low,No,1
44,Female,23.6,135.0,133.0,98.0,5.6,High,No,1
54,Male,26.1,144.0,145.0,108.0,4.8,High,Yes,1
57,Male,18.3,122.0,149.0,146.0,5.8,High,No,0
54,Female,28.0,142.0,150.0,88.0,5.8,,No,1
18,Female,23.1,143.0,121.0,135.0,5.4,Low,Yes,1
38,Male,22.0,118.0,118.0,94.0,5.8,High,Yes,1
23,Male,27.5,144.0,125.0,,5.7,Medium,Yes,1
60,Female,30.2,163.0,165.0,184.0,6.7,High,Yes,1
54,Male,22.5,124.0,123.0,92.0,5.7,,No,0
55,Male,21.9,160.0,149.0,127.0,5.7,Medium,Yes,1
55,Male,25.0,163.0,154.0,,5.7,Medium,Yes,1
22,Female,23.6,168.0,141.0,139.0,6.5,Low,No,1
49,Female,28.6,158.0,135.0,,5.8,Low,,1
44,Female,28.5,135.0,138.0,49.0,5.8,Medium,No,1
43,Male,26.7,147.0,144.0,147.0,5.7,Medium,No,1
54,Male,,,145.0,183.0,5.5,High,Yes,0
29,Male,25.7,100.0,137.0,117.0,4.9,High,No,0
61,Female,26.8,130.0,139.0,57.0,5.6,High,No,1
52,Female,32.6,134.0,154.0,150.0,5.7,High,No,1
35,Male,35.6,124.0,156.0,138.0,5.9,Low,Yes,1
28,Female,17.0,117.0,132.0,39.0,4.5,High,Yes,1
62,Male,,132.0,146.0,116.0,5.8,Medium,No,1
60,Male,21.9,125.0,156.0,80.0,5.6,High,No,0
56,Female,26.1,160.0,143.0,117.0,6.4,Medium,Yes,1
65,Female,23.9,150.0,154.0,,5.8,Medium,Yes,1
65,Male,18.1,131.0,149.0,79.0,5.0,Medium,No,1
49,Male,25.1,145.0,136.0,126.0,5.5,Low,No,1
49,Male,21.7,149.0,138.0,178.0,6.2,Medium,No,1
70,Female,28.3,147.0,168.0,111.0,6.8,Medium,No,1
57,Female,26.8,136.0,160.0,125.0,5.8,Low,No,1
31,Female,21.6,,119.0,52.0,5.3,Medium,No,0
55,Male,25.0,158.0,,163.0,6.1,Low,Yes,1
46,Female,28.0,132.0,136.0,127.0,5.6,Medium,No,1
61,Male,19.0,104.0,149.0,81.0,4.5,High,,0
46,Female,21.2,122.0,141.0,92.0,5.1,High,Yes,1
62,Female,25.7,158.0,132.0,170.0,6.1,Low,No,1
59,Female,27.7,144.0,143.0,118.0,6.5,,Yes,1
45,Male,34.0,149.0,153.0,151.0,6.3,,No,1
60,Female,34.6,133.0,144.0,188.0,5.6,Medium,No,1
34,Male,23.1,130.0,115.0,163.0,6.0,Medium,No,1
22,Female,42.4,130.0,131.0,,5.5,Low,No,1
51,Female,23.1,131.0,134.0,138.0,5.2,Medium,Yes,1
36,Male,24.1,145.0,137.0,52.0,5.0,Low,No,1
30,Female,26.3,97.0,125.0,111.0,5.5,High,No,0
41,Female,30.9,132.0,142.0,150.0,,Low,No,1
48,Male,26.7,158.0,150.0,166.0,6.3,Medium,Yes,1
54,Female,35.1,165.0,146.0,186.0,6.3,Medium,Yes,1
46,Male,26.5,132.0,135.0,118.0,5.5,Low,No,1
30,Male,25.2,151.0,140.0,147.0,5.5,Low,Yes,1
50,Female,22.1,150.0,129.0,71.0,4.9,Medium,Yes,1
35,Female,17.0,135.0,118.0,83.0,5.8,High,No,1
53,Male,30.1,166.0,149.0,139.0,6.2,Low,No,1
44,Male,29.8,146.0,123.0,165.0,6.3,Low,Yes,1
36,Male,30.7,150.0,126.0,120.0,5.9,Low,No,1
48,Male,,162.0,153.0,44.0,6.0,Low,No,1
18,Female,20.4,106.0,,103.0,4.6,Medium,No,0
69,Female,24.1,140.0,151.0,165.0,6.0,Medium,,1
66,Male,27.7,122.0,158.0,140.0,5.5,High,No,0
37,Female,20.9,130.0,145.0,98.0,5.4,,No,1
45,Female,19.2,115.0,134.0,93.0,5.2,Medium,No,0
78,Female,24.0,153.0,152.0,109.0,6.0,High,No,1
44,Female,30.5,133.0,142.0,152.0,5.8,High,No,1
50,Male,17.3,122.0,135.0,137.0,4.7,Medium,No,0
57,Female,27.7,165.0,152.0,131.0,5.6,Medium,Yes,1
43,Female,26.5,126.0,142.0,130.0,5.4,High,No,1
41,Male,22.3,133.0,126.0,105.0,5.3,Low,Yes,1
33,Male,20.5,107.0,135.0,15.0,5.0,High,No,0
40,Female,19.6,125.0,140.0,100.0,5.6,Medium,Yes,1
26,Male,24.0,,116.0,114.0,4.7,High,Yes,0
51,Female,26.4,141.0,139.0,119.0,4.9,Low,No,1
46,Male,,142.0,144.0,135.0,6.7,Medium,Yes,1
27,Male,28.1,141.0,131.0,154.0,5.6,Low,No,1
25,Male,32.5,120.0,135.0,93.0,5.5,Low,No,0
47,Female,22.6,115.0,135.0,,4.9,High,Yes,1
38,Female,21.3,130.0,129.0,,4.7,High,Yes,1
24,Female,25.6,160.0,124.0,130.0,5.8,Low,Yes,1
23,Male,24.4,135.0,116.0,140.0,5.2,Medium,No,1
35,Male,36.0,159.0,121.0,96.0,6.0,,Yes,1
36,Female,24.3,110.0,129.0,137.0,5.2,High,No,0
53,Male,30.6,155.0,153.0,105.0,5.9,Low,Yes,1
61,Female,27.3,167.0,146.0,167.0,5.9,Low,Yes,1
29,Female,17.0,152.0,117.0,151.0,5.2,Low,No,1
27,Male,20.9,106.0,125.0,195.0,4.9,High,No,0
69,Male,27.5,118.0,154.0,76.0,5.8,High,No,0
50,Male,23.1,53.0,145.0,128.0,9.4,High,Yes,1
47,Male,24.4,,151.0,101.0,14.6,High,Yes,1
68,Female,18.5,116.0,135.0,159.0,5.1,High,No,0
18,Male,26.8,122.0,142.0,162.0,5.2,High,Yes,1
49,Male,32.4,159.0,138.0,210.0,6.1,Medium,Yes,1
53,Male,25.3,141.0,154.0,137.0,5.7,Medium,No,1
34,Male,24.9,123.0,140.0,141.0,5.9,Medium,Yes,1
72,Male,27.5,173.0,158.0,204.0,6.1,Low,No,1
34,Female,32.6,132.0,130.0,224.0,5.4,Low,No,1
28,Male,27.3,140.0,146.0,180.0,5.4,Medium,Yes,1
63,Female,26.9,139.0,72.0,145.0,5.4,Low,No,1
43,Female,21.2,126.0,147.0,103.0,5.0,Medium,No,1
33,Male,27.6,146.0,125.0,59.0,6.0,Medium,No,1
52,Female,18.2,121.0,152.0,197.0,5.4,High,Yes,1
48,Male,23.3,129.0,141.0,59.0,6.2,High,Yes,1
58,Male,33.1,150.0,197.0,149.0,6.4,Low,Yes,1
68,Female,37.4,154.0,174.0,,5.7,Low,No,1
54,Male,28.2,140.0,152.0,124.0,5.4,Low,Yes,1
61,Male,24.1,174.0,148.0,176.0,5.2,Low,Yes,1
28,Male,,145.0,153.0,167.0,5.8,Low,Yes,1
18,Female,22.7,137.0,137.0,177.0,5.8,Low,No,1
37,Male,25.6,106.0,124.0,99.0,5.1,High,No,0
45,Male,26.0,149.0,147.0,200.0,5.6,Medium,No,1
27,Male,22.2,148.0,121.0,,5.6,Medium,No,1
52,Female,23.7,142.0,,86.0,5.1,Medium,Yes,1
18,Female,21.4,130.0,129.0,157.0,5.7,High,Yes,1
27,Female,18.2,125.0,128.0,110.0,4.7,High,No,0
35,Male,29.8,157.0,134.0,204.0,6.2,Low,No,1
18,Female,24.3,108.0,143.0,,5.4,Medium,No,0
33,Female,23.3,148.0,151.0,107.0,5.3,Medium,No,1
75,Male,26.6,158.0,153.0,128.0,6.1,Medium,Yes,1
42,Female,25.1,123.0,130.0,114.0,5.2,Medium,No,0
47,Female,23.6,148.0,147.0,207.0,5.9,Medium,No,1
61,Male,28.0,162.0,158.0,95.0,6.0,Low,Yes,1
23,Female,23.7,239.0,123.0,112.0,4.8,High,No,1
85,Female,28.7,147.0,149.0,109.0,6.1,Medium,No,1
60,Female,25.4,172.0,165.0,91.0,6.4,Low,Yes,1
55,Male,22.9,118.0,,110.0,5.5,Medium,No,0
50,Male,19.2,126.0,134.0,55.0,5.3,High,No,1
59,Female,23.8,122.0,139.0,160.0,5.2,,Yes,1
42,Male,28.4,143.0,151.0,116.0,5.6,Medium,No,1
61,Male,28.6,145.0,146.0,,5.5,Medium,No,1
56,Female,28.2,150.0,163.0,127.0,5.8,Medium,Yes,1
27,Male,36.0,150.0,,,5.4,Medium,No,1
19,Male,20.3,136.0,117.0,121.0,4.9,Low,No,1
51,Female,24.1,156.0,159.0,126.0,6.0,Low,No,1
47,Male,34.7,169.0,149.0,166.0,6.4,Low,No,1
41,Male,26.3,128.0,128.0,123.0,5.1,Medium,No,1
26,Male,31.5,144.0,123.0,,5.4,Medium,Yes,1
26,Male,27.4,147.0,135.0,75.0,5.7,Medium,No,1
56,Male,18.9,118.0,147.0,175.0,5.5,High,No,0
39,Male,27.1,133.0,131.0,780.0,5.1,Medium,Yes,1
46,Female,27.0,125.0,145.0,134.0,5.5,Medium,No,0
40,Male,29.3,155.0,165.0,201.0,6.5,Medium,No,1
47,Male,23.3,125.0,150.0,141.0,4.7,Medium,No,0
60,Male,30.8,122.0,157.0,,5.8,Low,Yes,1
55,Male,27.2,139.0,135.0,124.0,5.5,Medium,Yes,1
55,Male,33.7,151.0,167.0,154.0,6.7,Medium,No,1
45,Male,25.7,115.0,134.0,128.0,5.1,High,No,0
40,Male,25.9,106.0,128.0,130.0,5.3,Medium,No,0
44,Female,28.4,127.0,136.0,102.0,5.7,High,Yes,1
25,Male,29.6,140.0,127.0,227.0,5.6,Medium,No,1
80,Male,24.8,178.0,161.0,127.0,6.2,Medium,No,1
70,Female,25.2,,163.0,104.0,5.7,Low,No,0
57,Male,26.1,151.0,152.0,158.0,,Medium,No,1
52,Female,27.0,149.0,145.0,127.0,6.2,Medium,No,1
45,Female,27.0,155.0,133.0,147.0,5.9,Low,Yes,1
60,Female,20.6,139.0,122.0,131.0,5.2,High,No,1
18,Female,27.2,117.0,142.0,118.0,5.4,High,No,0
40,Male,30.1,128.0,152.0,144.0,6.0,High,No,1
41,Female,27.6,127.0,149.0,97.0,5.4,Medium,Yes,1
56,Male,26.2,162.0,136.0,72.0,5.7,Medium,Yes,1
85,Male,33.2,158.0,166.0,157.0,6.4,High,Yes,1
49,Male,23.8,136.0,140.0,109.0,5.1,Medium,Yes,1
67,Male,32.6,,151.0,177.0,6.3,Medium,Yes,1
33,Female,28.2,136.0,140.0,141.0,5.9,Low,No,1
82,Female,28.1,144.0,172.0,165.0,6.1,High,Yes,1
53,Female,22.1,127.0,151.0,,5.0,Medium,No,1
57,Male,22.5,118.0,153.0,185.0,4.9,High,No,0
72,Female,19.4,165.0,162.0,146.0,5.3,Low,Yes,1
53,Female,,144.0,132.0,107.0,5.2,Medium,Yes,1
71,Female,21.2,123.0,153.0,127.0,5.3,High,Yes,1
35,Male,25.8,154.0,157.0,180.0,6.4,Medium,Yes,1
55,Male,23.9,159.0,142.0,147.0,6.2,High,Yes,1
49,Female,28.7,157.0,125.0,177.0,6.2,Medium,No,1
65,Male,26.9,110.0,144.0,117.0,4.9,Low,No,0
34,Male,22.0,137.0,117.0,,5.3,Low,Yes,1
51,Male,31.9,157.0,155.0,138.0,6.4,Medium,Yes,1
45,Female,25.0,149.0,133.0,132.0,5.7,Low,No,1
45,Male,22.5,114.0,138.0,124.0,5.7,Medium,Yes,1
34,Male,21.6,139.0,125.0,171.0,6.0,Medium,Yes,1
44,Male,17.0,124.0,165.0,155.0,4.8,Medium,No,0
44,Female,29.9,132.0,142.0,135.0,5.1,Medium,No,1
56,Male,32.4,115.0,163.0,93.0,5.1,Medium,No,1
39,Male,19.8,160.0,129.0,96.0,6.0,Low,No,1
44,Male,19.8,138.0,120.0,149.0,5.7,Medium,No,1
60,Female,29.9,157.0,163.0,124.0,6.0,Low,No,1
55,Female,22.9,106.0,134.0,32.0,5.2,Medium,No,0
50,Male,22.0,105.0,162.0,60.0,4.8,High,No,0
50,Female,24.8,146.0,148.0,117.0,5.5,Low,No,1
51,Female,27.2,154.0,133.0,151.0,6.0,Medium,Yes,1
66,Male,21.6,152.0,138.0,172.0,5.6,Medium,Yes,1
66,Female,21.5,123.0,134.0,174.0,5.4,Medium,Yes,1
52,Female,18.8,132.0,132.0,,5.3,Low,No,1
46,Male,23.1,159.0,129.0,135.0,6.0,Low,Yes,1
42,Female,24.2,132.0,145.0,179.0,5.0,Low,No,1
59,Female,31.5,153.0,154.0,169.0,6.0,Medium,Yes,1
42,Female,21.5,166.0,141.0,122.0,6.4,Low,No,1
58,Female,27.1,154.0,152.0,102.0,5.9,Medium,No,1
59,Female,28.4,167.0,136.0,,6.2,Low,Yes,1
32,Female,22.7,345.0,133.0,73.0,5.6,Low,No,1
78,Male,27.1,161.0,158.0,59.0,5.6,Low,No,1
20,Male,21.9,160.0,122.0,50.0,6.5,Medium,No,1
53,Female,21.9,,124.0,106.0,5.5,Low,No,0
38,Female,27.9,147.0,134.0,115.0,6.2,Low,No,1
82,Female,26.0,140.0,145.0,168.0,6.0,Medium,Yes,1
55,Female,26.5,145.0,152.0,113.0,8.6,Medium,Yes,1
52,Male,27.1,154.0,145.0,81.0,5.8,Medium,No,1
49,Female,27.1,174.0,144.0,,6.2,Medium,Yes,1
62,Female,26.3,135.0,157.0,124.0,5.5,Medium,No,1
69,Female,20.2,138.0,152.0,163.0,5.4,Medium,Yes,1
22,Male,30.9,136.0,155.0,115.0,5.8,Low,No,1
30,Female,23.4,128.0,,129.0,5.1,High,Yes,1
50,Male,30.9,147.0,182.0,239.0,5.6,Medium,Yes,1
69,Female,26.1,133.0,152.0,174.0,5.7,Low,No,1
62,Male,21.9,150.0,149.0,,6.2,Low,No,1
76,Male,21.9,143.0,154.0,150.0,5.8,Medium,,1
41,Male,22.5,134.0,145.0,119.0,5.8,Medium,Yes,1
52,Male,23.0,140.0,164.0,123.0,5.1,Medium,Yes,1
36,Male,26.6,152.0,137.0,127.0,5.1,Medium,No,1
20,Male,24.3,142.0,135.0,150.0,5.3,Low,No,1
44,Female,18.0,134.0,126.0,113.0,5.2,Medium,Yes,1
55,Female,34.0,131.0,156.0,,5.9,Medium,No,1
39,Male,26.2,120.0,145.0,,4.9,High,Yes,1
39,Female,27.9,140.0,131.0,168.0,5.5,High,Yes,1
40,Male,29.8,145.0,146.0,133.0,6.0,Low,Yes,1
55,Male,24.4,115.0,143.0,,5.3,Medium,No,0
69,Female,25.9,140.0,177.0,178.0,6.3,Medium,No,1
43,Female,26.9,137.0,150.0,149.0,4.8,Medium,,1
51,Male,28.8,112.0,142.0,144.0,5.0,High,No,0
44,Male,26.8,129.0,128.0,121.0,5.4,Medium,No,1
43,Male,23.1,144.0,152.0,138.0,5.5,Low,No,1
36,Male,31.8,111.0,135.0,86.0,4.6,High,No,0
44,Male,20.7,125.0,144.0,82.0,5.8,Low,No,0
34,Male,27.1,161.0,135.0,118.0,6.1,Low,Yes,1
57,Female,18.6,127.0,132.0,144.0,5.7,Medium,No,1
56,Female,27.0,155.0,146.0,197.0,5.9,Medium,Yes,1
30,Male,32.0,135.0,131.0,99.0,5.3,Medium,No,1
37,Female,24.4,126.0,132.0,88.0,5.5,Low,No,1
67,Female,30.9,155.0,151.0,217.0,6.3,Low,No,1
47,Female,25.9,146.0,147.0,87.0,5.1,Medium,Yes,1
33,Male,49.0,147.0,145.0,85.0,3.9,Medium,No,1
55,Female,24.5,153.0,139.0,154.0,5.3,Low,No,1
35,Male,21.5,129.0,119.0,100.0,4.7,High,No,1
42,Female,24.6,127.0,142.0,456.0,5.5,High,No,1
52,Male,30.5,137.0,139.0,117.0,5.5,Medium,No,1
25,Female,27.2,147.0,122.0,152.0,5.7,Low,No,1
61,Male,,90.0,154.0,72.0,4.5,High,No,0
45,Female,22.8,150.0,131.0,125.0,5.7,Low,Yes,1
76,Female,24.2,170.0,158.0,146.0,6.0,Low,Yes,1
40,Female,25.0,120.0,145.0,139.0,,Medium,No,0
57,Female,32.4,146.0,153.0,110.0,5.6,Low,No,1
53,Male,19.7,129.0,142.0,153.0,5.2,Medium,,1
50,Female,27.3,235.0,126.0,215.0,5.2,Medium,No,1
60,Female,20.0,131.0,152.0,72.0,5.6,High,No,1
56,Female,32.0,286.0,165.0,166.0,5.9,Low,No,1
38,Female,24.1,325.0,138.0,169.0,5.7,Low,No,1
67,Female,21.4,128.0,124.0,120.0,5.4,Medium,Yes,1
57,Male,25.0,151.0,144.0,128.0,5.8,High,No,1
56,Female,22.8,133.0,155.0,75.0,5.2,Medium,No,1
47,Female,27.4,142.0,149.0,171.0,5.7,Low,No,1
31,Male,25.5,126.0,132.0,195.0,5.5,Medium,Yes,1
55,Female,31.6,151.0,145.0,160.0,6.2,Medium,No,1
50,Female,31.2,144.0,152.0,,6.0,Medium,No,1
42,Male,32.3,130.0,145.0,157.0,5.8,High,No,1
44,Male,21.3,113.0,141.0,127.0,5.8,Medium,No,0
56,Male,30.6,118.0,165.0,136.0,5.4,Medium,Yes,1
47,Male,23.5,120.0,141.0,155.0,5.1,Medium,No,0
48,Male,27.3,152.0,134.0,159.0,5.9,Medium,Yes,1
53,Male,23.3,142.0,151.0,124.0,,Medium,No,1
18,Male,17.8,123.0,110.0,98.0,4.8,Medium,Yes,1
55,Male,30.5,150.0,156.0,173.0,5.7,Low,,1
48,Female,26.2,164.0,144.0,131.0,,Low,Yes,1
63,Female,29.2,152.0,149.0,143.0,6.4,Medium,No,1
56,Female,32.5,133.0,126.0,126.0,6.0,Medium,Yes,1
51,Female,21.8,133.0,136.0,150.0,5.2,,Yes,1
46,Female,23.4,120.0,139.0,94.0,5.1,High,No,0
70,Male,33.7,136.0,157.0,204.0,5.7,Medium,No,1
37,Male,22.7,136.0,134.0,161.0,,Medium,Yes,1
49,Female,25.2,134.0,125.0,156.0,5.1,Medium,No,1
50,Female,27.0,153.0,144.0,148.0,6.1,Low,Yes,1
54,Female,24.4,135.0,138.0,111.0,5.4,Medium,No,1
65,Female,30.1,115.0,140.0,127.0,5.1,Medium,No,1
51,Female,24.2,,127.0,153.0,5.4,Medium,Yes,0
42,Male,27.2,153.0,140.0,168.0,6.0,Medium,Yes,1
51,Male,24.1,139.0,131.0,139.0,5.2,Medium,No,1
63,Female,21.6,142.0,151.0,170.0,5.6,Low,Yes,1
22,Female,28.2,126.0,122.0,135.0,5.1,High,No,1
53,Female,31.6,149.0,151.0,29.0,5.7,Medium,Yes,1
58,Female,25.1,149.0,146.0,136.0,5.6,Medium,Yes,1
61,Male,22.9,169.0,157.0,136.0,5.8,Low,Yes,1
41,Female,17.5,130.0,146.0,109.0,4.8,Medium,No,1
51,Female,22.1,123.0,146.0,158.0,5.3,Low,No,0
44,Male,22.2,147.0,143.0,64.0,5.8,High,Yes,1
33,Female,28.5,135.0,133.0,115.0,5.6,Medium,No,1
57,Male,17.0,142.0,152.0,94.0,5.7,Low,No,1
35,Male,26.3,137.0,127.0,148.0,5.8,High,No,1
65,Male,31.3,151.0,155.0,151.0,5.6,Medium,No,1
52,Female,33.0,146.0,145.0,179.0,6.3,Medium,No,1
43,Male,30.1,134.0,131.0,142.0,5.6,High,Yes,1
49,Male,21.9,107.0,141.0,101.0,5.4,High,No,0
27,Male,29.5,148.0,134.0,81.0,5.4,High,Yes,1
29,Male,20.3,258.0,134.0,126.0,5.5,High,No,1
25,Female,22.6,131.0,118.0,101.0,5.1,Medium,No,1
51,Female,29.7,169.0,140.0,94.0,6.1,Low,Yes,1
50,Male,26.8,,142.0,137.0,5.8,Medium,No,0
65,Male,22.7,233.0,145.0,91.0,4.4,Medium,No,1
50,Male,27.0,154.0,151.0,138.0,5.9,Medium,No,1
57,Male,30.5,170.0,156.0,174.0,6.3,Low,No,1
55,Male,27.9,155.0,143.0,232.0,6.2,Low,No,1
39,Male,29.8,117.0,151.0,126.0,5.3,Medium,No,0
53,Female,24.6,142.0,130.0,133.0,5.5,Medium,No,1
43,Female,24.8,130.0,168.0,27.0,5.4,High,No,1
48,Male,26.7,,154.0,123.0,6.5,Medium,No,1
60,Female,23.5,137.0,,81.0,4.7,Medium,No,1
40,Male,26.5,169.0,132.0,,6.9,High,No,1
56,Male,17.0,106.0,145.0,572.0,5.1,High,No,0
57,Female,23.5,128.0,145.0,82.0,5.4,High,Yes,1
54,Male,30.4,133.0,142.0,112.0,6.3,High,No,1
57,Male,27.7,109.0,135.0,87.0,5.4,High,Yes,0
59,Male,18.4,115.0,141.0,76.0,5.3,High,Yes,1
34,Female,26.7,117.0,151.0,119.0,5.3,Low,No,0
47,Male,21.9,131.0,147.0,132.0,5.1,Low,No,1
40,Male,27.4,,140.0,46.0,5.6,Medium,Yes,0
50,Male,27.0,142.0,144.0,171.0,,Medium,Yes,1
56,Female,20.5,133.0,143.0,142.0,5.6,Medium,No,1
57,Male,29.9,,95.0,125.0,5.9,High,No,0
60,Male,21.0,123.0,157.0,102.0,4.7,High,No,0
57,Female,32.7,171.0,176.0,167.0,13.4,Low,Yes,1
49,Male,24.2,125.0,153.0,130.0,8.4,Low,No,1
55,Female,20.8,100.0,135.0,599.0,4.7,Medium,Yes,0
27,Male,23.8,116.0,119.0,91.0,4.7,Medium,No,0
72,Male,26.9,159.0,152.0,169.0,6.2,High,No,1
20,Male,21.7,125.0,,112.0,4.8,Medium,No,0
44,Male,18.6,128.0,148.0,107.0,5.3,Low,No,1
35,Female,21.3,133.0,156.0,134.0,5.2,Medium,Yes,1
35,Female,25.5,118.0,146.0,118.0,4.8,Low,No,0
78,Male,25.6,143.0,155.0,165.0,5.6,High,Yes,1
53,Male,20.9,106.0,166.0,139.0,4.7,High,Yes,0
37,Female,20.1,111.0,115.0,65.0,5.4,High,Yes,1
58,Male,25.7,134.0,138.0,120.0,5.1,Low,Yes,1
24,Female,22.8,128.0,133.0,95.0,5.9,Medium,No,1
61,Male,23.8,137.0,148.0,128.0,5.4,Medium,Yes,1
54,Female,17.4,130.0,133.0,92.0,5.5,Medium,Yes,1
44,Male,,130.0,140.0,111.0,5.3,Medium,Yes,1
58,Female,19.1,147.0,155.0,,5.3,Medium,No,1
77,Male,23.2,145.0,,79.0,6.4,Medium,Yes,1
30,Female,21.8,136.0,132.0,193.0,5.0,Low,Yes,1
23,Male,22.5,119.0,122.0,52.0,5.3,High,No,0
47,Male,26.0,133.0,143.0,147.0,5.6,Medium,No,1
48,Male,24.8,130.0,148.0,119.0,5.6,Medium,Yes,1
55,Female,24.3,154.0,151.0,189.0,5.4,High,No,1
29,Female,17.0,116.0,,93.0,5.0,Low,Yes,1
61,Female,26.9,133.0,153.0,211.0,5.8,Medium,No,1
45,Male,33.7,140.0,129.0,197.0,5.9,Low,,1
30,Male,28.0,150.0,,171.0,5.4,Medium,Yes,1
30,Male,26.5,166.0,122.0,108.0,6.1,High,Yes,1
44,Male,37.7,142.0,160.0,176.0,6.4,High,Yes,1
33,Male,18.5,114.0,134.0,147.0,5.4,High,No,0
61,Female,21.9,83.0,151.0,82.0,4.4,High,No,0
57,Female,36.3,168.0,154.0,176.0,6.5,Low,No,1
69,Male,31.9,160.0,157.0,129.0,6.2,Low,No,1
54,Male,26.1,163.0,133.0,107.0,5.9,Medium,Yes,1
77,Female,30.3,153.0,153.0,189.0,6.5,Medium,Yes,1
50,Male,18.0,152.0,132.0,136.0,5.9,Medium,No,1
61,Male,26.0,147.0,160.0,119.0,4.9,Low,No,1
64,Female,24.2,114.0,138.0,116.0,5.3,Low,No,0
77,Male,23.2,119.0,171.0,86.0,5.1,High,No,0
30,Male,26.4,146.0,142.0,85.0,5.8,Medium,No,1
35,Female,15.3,124.0,129.0,121.0,4.8,Medium,No,0
42,Male,25.2,148.0,152.0,131.0,5.8,Medium,No,1
63,Female,24.0,104.0,161.0,90.0,5.4,High,No,0
51,Female,25.2,118.0,136.0,181.0,5.9,Medium,No,0
67,Female,26.2,160.0,164.0,102.0,6.4,Medium,No,1
52,Female,28.9,138.0,155.0,166.0,6.1,Medium,No,1
39,Female,24.9,174.0,149.0,140.0,6.4,Low,No,1
55,Male,33.6,154.0,135.0,107.0,6.1,Medium,No,1
47,Male,26.5,134.0,132.0,158.0,5.2,Medium,No,1
60,Female,27.0,160.0,146.0,136.0,6.0,Low,No,1
56,Female,26.5,127.0,153.0,131.0,5.6,,Yes,1
57,Male,23.6,156.0,133.0,154.0,6.4,Medium,Yes,1
18,Female,29.1,135.0,138.0,126.0,5.4,High,Yes,1
51,Male,29.1,150.0,144.0,73.0,5.9,Low,No,1
28,Female,22.6,142.0,130.0,,5.9,Low,Yes,1
60,Female,27.7,134.0,149.0,,5.9,High,Yes,1
52,Female,20.4,134.0,124.0,21.0,5.4,Medium,No,1
37,Male,21.1,109.0,130.0,178.0,4.9,,No,0
61,Female,27.9,141.0,142.0,157.0,5.7,Low,No,1
70,Male,25.0,142.0,155.0,112.0,5.7,Medium,Yes,1
18,Female,26.9,157.0,107.0,98.0,5.5,Low,Yes,1
47,Male,22.6,101.0,123.0,100.0,5.0,Medium,No,0
49,Female,21.4,140.0,141.0,79.0,4.9,Medium,Yes,1
41,Male,31.3,117.0,133.0,133.0,5.3,Medium,No,1
70,Male,27.6,137.0,151.0,179.0,6.3,High,No,1
53,Female,23.8,134.0,139.0,110.0,5.5,Medium,Yes,1
27,Female,22.0,,119.0,126.0,5.6,High,No,0
62,Female,21.2,119.0,161.0,87.0,4.9,Medium,Yes,1
20,Male,20.8,164.0,121.0,107.0,6.3,Low,Yes,1
60,Female,21.5,138.0,142.0,116.0,5.4,Low,No,1
53,Male,29.4,160.0,138.0,124.0,6.0,Medium,No,1
57,Male,22.9,130.0,112.0,156.0,4.7,Low,No,1
67,Male,19.0,139.0,153.0,123.0,5.8,Medium,Yes,1
76,Male,35.8,156.0,174.0,120.0,5.7,Low,Yes,1
51,Female,33.9,151.0,143.0,,5.6,Medium,Yes,1
38,Male,28.3,130.0,141.0,148.0,5.9,Medium,No,1
51,Male,17.0,132.0,152.0,69.0,5.2,Low,No,1
81,Female,31.7,156.0,174.0,183.0,6.0,High,No,1
68,Male,20.4,118.0,152.0,66.0,4.8,Medium,No,0
18,Male,22.2,82.0,125.0,88.0,,Low,No,0
50,Female,23.8,46.0,155.0,95.0,5.8,Low,No,0
39,Male,26.5,132.0,148.0,134.0,5.4,High,No,1
46,Male,29.1,148.0,145.0,109.0,6.2,Medium,No,1
63,Male,29.6,137.0,127.0,87.0,5.9,Medium,No,1
36,Female,26.2,132.0,141.0,143.0,6.0,Medium,No,1
59,Male,25.2,157.0,146.0,131.0,6.2,Medium,No,1
49,Male,30.4,128.0,141.0,112.0,5.2,High,No,1
75,Male,26.0,117.0,157.0,72.0,5.3,High,No,0
44,Female,20.8,143.0,133.0,,5.2,Low,No,1
53,Male,25.8,158.0,140.0,380.0,5.5,Low,No,1
63,Male,23.0,157.0,143.0,123.0,5.8,Low,Yes,1
41,Male,26.0,154.0,142.0,183.0,6.5,Medium,Yes,1
55,Female,30.5,111.0,153.0,184.0,5.0,High,No,1
59,Male,31.1,150.0,137.0,111.0,5.0,Medium,No,1
68,Male,27.1,137.0,155.0,124.0,5.6,Medium,Yes,1
58,Male,26.2,138.0,161.0,119.0,5.2,Medium,No,1
36,Female,23.8,148.0,130.0,,6.1,Low,,1
50,Male,24.0,130.0,153.0,164.0,6.1,Medium,No,1
55,Male,24.9,155.0,139.0,70.0,5.5,Low,Yes,1
28,Female,27.8,127.0,154.0,130.0,4.6,Low,No,1
56,Female,22.5,130.0,90.0,,5.6,High,No,1
39,Male,22.8,118.0,130.0,166.0,5.5,High,Yes,1
45,Male,31.0,,143.0,81.0,5.6,High,No,1
47,Male,25.6,128.0,147.0,151.0,5.7,High,Yes,1
21,Male,27.3,93.0,137.0,134.0,4.6,High,No,0
53,Male,26.2,121.0,147.0,,5.6,Medium,No,0
44,Male,24.8,120.0,143.0,170.0,4.8,High,No,0
49,Female,19.9,126.0,129.0,90.0,4.6,Medium,No,1
64,Female,28.8,161.0,142.0,96.0,6.1,Low,No,1
50,Male,28.4,119.0,156.0,,5.3,Medium,Yes,1
65,Male,27.4,159.0,154.0,70.0,5.9,High,Yes,1
24,Male,24.9,117.0,127.0,112.0,4.9,High,Yes,1
54,Female,24.5,138.0,148.0,131.0,5.1,Low,No,1
54,Female,24.2,153.0,153.0,101.0,5.4,Low,Yes,1
54,Male,25.3,129.0,170.0,136.0,5.3,Medium,No,1
18,Male,17.0,100.0,117.0,,4.8,Low,No,0
49,Male,19.2,132.0,139.0,148.0,5.6,Medium,Yes,1
63,Male,31.2,182.0,136.0,,6.7,Low,Yes,1
20,Male,23.8,141.0,130.0,112.0,6.2,Medium,Yes,1
30,Female,20.8,152.0,123.0,,5.2,Medium,No,1
65,Female,23.4,142.0,152.0,149.0,5.8,Medium,No,1
56,Male,26.0,154.0,148.0,134.0,5.5,Low,Yes,1
46,Female,33.8,158.0,133.0,190.0,5.8,Medium,No,1
48,Male,27.9,145.0,132.0,98.0,5.0,Medium,No,1
18,Male,17.8,119.0,127.0,52.0,4.7,Medium,No,0
51,Male,23.6,,130.0,54.0,5.0,High,No,0
20,Male,17.0,97.0,122.0,105.0,5.2,Medium,Yes,0
57,Female,28.0,137.0,141.0,104.0,5.9,Medium,Yes,1
31,Male,32.7,59.0,112.0,126.0,6.2,Low,Yes,0
45,Male,21.1,133.0,148.0,33.0,5.2,Medium,No,1
18,Male,20.6,128.0,122.0,49.0,4.7,High,Yes,1
41,Male,31.9,163.0,123.0,103.0,6.3,High,No,1
63,Female,27.8,154.0,151.0,151.0,,Medium,Yes,1
22,Male,26.3,113.0,138.0,122.0,4.9,Low,No,0
61,Female,29.5,138.0,137.0,127.0,5.1,Medium,No,1
51,Female,25.5,137.0,148.0,149.0,5.1,Low,No,1
45,Female,21.1,160.0,125.0,340.0,,Medium,,1
54,Female,26.2,119.0,163.0,127.0,5.5,Medium,No,0
57,Female,24.9,65.0,154.0,163.0,5.4,Low,No,0
18,Male,30.2,113.0,137.0,101.0,5.3,High,No,0
35,Male,30.1,131.0,134.0,104.0,5.7,High,,1
37,Female,35.1,135.0,130.0,153.0,5.6,Medium,No,1
37,Male,28.9,140.0,127.0,123.0,6.0,Medium,No,1
49,Male,,154.0,124.0,184.0,5.9,Low,No,1
25,Male,20.5,133.0,113.0,69.0,5.3,Medium,No,1
26,Male,25.8,144.0,140.0,142.0,5.6,Low,No,1
57,Female,17.0,126.0,149.0,128.0,5.3,Low,Yes,1
70,Female,26.1,140.0,145.0,135.0,5.7,Medium,No,1
51,Female,35.6,157.0,131.0,208.0,5.9,Medium,Yes,1
41,Female,24.8,164.0,150.0,142.0,6.0,Medium,No,1
47,Female,27.1,112.0,133.0,127.0,4.9,Medium,No,0
35,Female,23.2,142.0,131.0,96.0,5.1,Medium,No,1
48,Female,26.0,103.0,149.0,473.0,5.2,Medium,No,0
44,Female,23.2,143.0,140.0,135.0,6.0,Medium,Yes,1
53,Female,25.9,116.0,141.0,82.0,14.6,Low,Yes,1
54,Female,20.6,134.0,153.0,140.0,5.4,Medium,No,1
39,Male,29.3,156.0,133.0,171.0,5.9,Medium,No,1
47,Male,23.5,119.0,142.0,60.0,5.5,Medium,No,0
66,Female,29.8,127.0,155.0,182.0,4.5,,Yes,1
32,Male,18.8,134.0,138.0,185.0,,Medium,No,1
42,Male,23.1,143.0,146.0,121.0,5.4,Medium,No,1
51,Male,27.3,148.0,144.0,127.0,5.3,Medium,No,1
33,Female,22.0,154.0,139.0,152.0,6.2,Low,Yes,1
55,Male,24.8,120.0,137.0,117.0,5.4,Medium,No,0
33,Female,18.3,293.0,131.0,68.0,5.1,High,Yes,1
74,Male,,155.0,158.0,125.0,6.5,Low,No,1
32,Female,26.4,169.0,132.0,99.0,6.5,,Yes,1
54,Female,33.3,123.0,158.0,176.0,5.8,High,No,1
35,Male,31.2,129.0,132.0,174.0,5.8,High,No,1
43,Male,,177.0,122.0,161.0,6.3,Medium,Yes,1
34,Male,24.9,160.0,196.0,,5.1,High,Yes,1
59,Female,20.2,145.0,136.0,146.0,5.6,Low,Yes,1
31,Male,21.6,109.0,130.0,105.0,4.7,High,No,0
50,Male,27.2,140.0,144.0,141.0,5.5,Medium,No,1
66,Male,32.4,165.0,165.0,89.0,6.3,Low,No,1
32,Female,29.8,112.0,123.0,150.0,5.4,Medium,No,0
20,Male,23.1,78.0,108.0,115.0,5.0,High,No,0
73,Male,30.1,136.0,145.0,90.0,5.4,Medium,No,1
43,Female,24.1,144.0,143.0,151.0,5.5,Low,Yes,1
46,Female,36.1,134.0,139.0,134.0,5.3,Medium,No,1
60,Male,28.8,154.0,148.0,103.0,6.3,Medium,No,1
54,Male,27.7,142.0,158.0,155.0,5.3,Low,No,1
49,Male,18.4,124.0,144.0,116.0,5.2,Low,No,0
55,Male,28.7,171.0,168.0,520.0,6.1,Medium,Yes,1
18,Male,27.1,118.0,137.0,127.0,5.3,High,No,0
48,Female,19.6,106.0,134.0,46.0,4.9,Medium,No,0
43,Female,25.4,157.0,142.0,154.0,6.2,,Yes,1
28,Female,24.8,131.0,145.0,131.0,6.1,High,Yes,1
57,Male,25.6,117.0,147.0,90.0,5.0,High,No,0
43,Male,18.4,129.0,147.0,179.0,5.8,Medium,No,1
28,Male,22.5,117.0,129.0,130.0,4.8,Medium,No,0
54,Male,35.0,147.0,145.0,65.0,,Medium,No,1
30,Female,19.2,129.0,143.0,,5.4,Medium,Yes,1
30,Female,25.1,141.0,151.0,171.0,5.1,Medium,No,1
58,Male,23.1,138.0,163.0,107.0,5.1,High,Yes,1
62,Male,23.6,133.0,156.0,,5.3,High,Yes,1
18,Female,23.7,125.0,130.0,243.0,5.4,Low,Yes,1
65,Male,24.7,131.0,151.0,140.0,5.0,Medium,No,1
59,Female,29.6,135.0,153.0,179.0,5.4,Medium,No,1
46,Female,29.0,173.0,143.0,137.0,5.9,Medium,Yes,1
47,Male,21.9,108.0,134.0,,5.5,High,No,0
41,Male,27.5,141.0,129.0,130.0,5.5,Medium,No,1
49,Female,27.9,146.0,154.0,125.0,11.3,Medium,Yes,1
44,Female,23.8,144.0,143.0,139.0,6.4,Medium,Yes,1
37,Female,25.5,132.0,119.0,148.0,4.6,Medium,No,1
52,Male,27.3,133.0,136.0,157.0,5.6,Medium,No,1
54,Female,22.8,116.0,157.0,115.0,5.2,Medium,No,0
57,Female,27.0,150.0,157.0,181.0,5.9,Medium,No,1
56,Female,25.6,148.0,153.0,103.0,5.4,Medium,Yes,1
64,Male,28.6,167.0,158.0,154.0,5.5,Low,Yes,1
66,Male,30.3,163.0,148.0,172.0,6.1,Medium,No,1
32,Male,28.0,162.0,134.0,178.0,5.8,Low,No,1
49,Female,27.2,156.0,,109.0,5.7,Low,Yes,1
67,Female,22.5,115.0,174.0,135.0,4.8,High,No,0
31,Female,26.6,162.0,133.0,,5.9,Low,No,1
51,Female,25.1,135.0,150.0,82.0,5.3,High,No,1
69,Female,25.0,147.0,143.0,110.0,5.7,High,Yes,1
37,Female,21.8,116.0,148.0,75.0,5.3,Medium,No,0
25,Female,20.5,125.0,128.0,125.0,5.0,High,Yes,1
79,Male,,156.0,140.0,151.0,6.2,Medium,Yes,1
24,Male,24.9,132.0,138.0,87.0,4.9,,No,1
33,Female,23.0,131.0,132.0,141.0,5.7,High,Yes,1
43,Male,27.4,146.0,148.0,61.0,5.8,Medium,No,1
30,Female,31.9,127.0,132.0,110.0,5.1,High,Yes,1
47,Female,24.5,129.0,134.0,56.0,5.1,Medium,Yes,1
41,Male,30.0,129.0,143.0,98.0,5.6,Low,No,1
61,Male,18.2,123.0,150.0,115.0,5.3,Medium,No,0
56,Female,21.9,127.0,144.0,125.0,4.9,High,No,1
35,Female,22.9,130.0,129.0,99.0,5.3,Medium,Yes,1
65,Female,34.8,163.0,149.0,172.0,6.2,Medium,No,1
42,Female,29.4,157.0,135.0,241.0,6.1,Low,Yes,1
50,Male,28.7,139.0,145.0,145.0,6.5,Medium,Yes,1
38,Male,23.8,153.0,136.0,163.0,5.5,Low,No,1
46,Male,31.2,178.0,130.0,,6.8,Low,No,1
58,Male,23.8,137.0,137.0,108.0,5.4,High,No,1
72,Male,28.8,146.0,148.0,134.0,6.1,High,Yes,1
53,Male,21.6,121.0,140.0,107.0,5.4,Medium,No,0
66,Female,21.8,124.0,147.0,69.0,5.8,Medium,No,0
27,Female,24.2,138.0,136.0,144.0,5.5,Medium,No,1
65,Female,26.3,167.0,154.0,138.0,5.9,Medium,Yes,1
42,Male,23.6,121.0,142.0,108.0,5.2,Medium,Yes,1
18,Male,32.6,120.0,117.0,,5.7,High,Yes,1
64,Male,19.5,144.0,136.0,191.0,6.0,High,Yes,1
42,Female,27.5,118.0,129.0,179.0,4.8,High,No,0
26,Male,23.5,157.0,107.0,154.0,5.6,Low,No,1
38,Female,20.4,118.0,153.0,164.0,4.8,Medium,No,0
59,Male,31.6,137.0,165.0,105.0,3.9,Low,No,1
40,Female,20.1,135.0,146.0,100.0,5.1,Low,No,1
38,Female,30.4,132.0,131.0,107.0,5.5,Low,No,1
41,Female,30.6,129.0,155.0,114.0,5.3,Medium,No,1
32,Female,27.6,159.0,128.0,163.0,6.0,Low,No,1
52,Female,17.0,153.0,144.0,120.0,5.2,Low,No,1
52,Female,23.4,118.0,135.0,187.0,5.3,Low,No,0
41,Male,19.6,115.0,132.0,120.0,4.8,Medium,No,0
39,Male,27.4,124.0,127.0,135.0,5.1,High,No,0
40,Male,32.0,142.0,139.0,98.0,5.5,Low,No,1
42,Male,30.3,161.0,132.0,,5.8,Low,Yes,1
53,Female,20.8,130.0,152.0,135.0,5.4,Low,No,1
38,Female,21.7,136.0,137.0,84.0,5.2,Medium,No,1
47,Female,33.6,142.0,153.0,109.0,6.3,High,Yes,1
38,Female,25.6,142.0,122.0,118.0,5.7,Medium,Yes,1
68,Male,29.1,143.0,167.0,115.0,6.3,Medium,No,1
50,Male,24.4,115.0,137.0,145.0,5.1,High,No,0
18,Female,27.0,132.0,138.0,165.0,6.0,High,,1
40,Female,22.5,140.0,,200.0,5.8,Medium,No,1
30,Male,27.3,155.0,140.0,164.0,6.0,Medium,Yes,1
52,Female,19.6,139.0,152.0,185.0,5.5,Low,No,1
60,Female,30.7,135.0,146.0,166.0,6.3,Medium,No,1
34,Male,29.0,,137.0,123.0,5.7,Low,Yes,0
52,Female,22.5,121.0,91.0,136.0,5.9,High,Yes,1
47,Female,30.2,148.0,151.0,140.0,7.4,Medium,No,1
38,Male,25.2,112.0,137.0,164.0,5.1,Medium,No,0
52,Male,25.6,132.0,148.0,,5.1,High,Yes,1
38,Male,20.8,126.0,121.0,,5.5,Medium,No,1
47,Female,18.5,120.0,122.0,116.0,4.6,Low,No,0
27,Female,26.0,134.0,153.0,152.0,5.6,Low,No,1
37,Female,24.8,119.0,135.0,149.0,5.1,High,Yes,1
41,Female,19.2,120.0,138.0,181.0,4.2,High,No,0
46,Female,27.3,150.0,140.0,138.0,5.8,Low,No,1
58,Male,25.9,117.0,146.0,207.0,,Medium,No,0
42,Male,25.3,212.0,142.0,147.0,5.7,High,No,1
65,Female,25.0,165.0,154.0,148.0,6.1,Medium,No,1
73,Female,27.7,144.0,155.0,119.0,5.4,Low,No,1
64,Female,34.4,132.0,164.0,115.0,5.9,High,No,1
23,Female,45.2,155.0,136.0,137.0,5.6,Low,Yes,1
58,Female,22.1,125.0,131.0,,6.0,Medium,No,0
42,Male,21.3,109.0,116.0,103.0,4.7,Medium,,0
46,Male,26.1,114.0,151.0,175.0,5.2,Low,No,0
35,Female,29.3,133.0,146.0,80.0,5.7,High,No,1
47,Female,21.9,135.0,130.0,137.0,5.7,High,Yes,1
70,Female,28.2,145.0,154.0,131.0,6.3,Low,No,1
28,Male,32.1,138.0,137.0,144.0,6.5,High,No,1
33,Male,26.3,126.0,148.0,102.0,5.2,Medium,No,1
26,Female,30.6,173.0,125.0,,6.7,Low,Yes,1
42,Female,20.2,117.0,113.0,,,High,Yes,1
59,Male,26.2,129.0,140.0,140.0,5.0,High,No,1
40,Male,23.5,117.0,143.0,165.0,5.2,Medium,No,0
33,Male,23.7,109.0,126.0,112.0,5.0,,No,0
47,Female,28.0,156.0,144.0,144.0,6.0,Medium,Yes,1
39,Male,22.3,134.0,137.0,40.0,6.2,Low,No,1
30,Female,23.6,121.0,118.0,113.0,5.0,Medium,No,0
56,Female,30.8,146.0,142.0,137.0,5.3,Medium,Yes,1
31,Female,21.3,104.0,137.0,133.0,4.6,Medium,Yes,0
40,Male,23.7,149.0,132.0,181.0,6.1,Medium,No,1
42,Female,24.1,137.0,129.0,178.0,5.7,Low,No,1
27,Female,24.1,150.0,139.0,75.0,5.6,Low,Yes,1
48,Male,24.6,127.0,139.0,138.0,5.2,Medium,No,1
36,Female,26.1,157.0,133.0,130.0,5.7,Low,No,1
59,Female,28.6,,163.0,186.0,5.5,Medium,Yes,0
75,Male,32.0,147.0,164.0,162.0,6.2,Low,No,1
34,Female,36.3,135.0,135.0,,6.1,High,Yes,1
70,Male,25.6,162.0,150.0,177.0,5.9,Medium,No,1
55,Female,23.4,125.0,161.0,102.0,5.2,Medium,No,0
57,Female,22.5,153.0,145.0,103.0,,Medium,Yes,1
37,Female,34.6,158.0,141.0,180.0,5.5,Low,No,1
68,Male,27.9,181.0,139.0,94.0,6.3,Low,Yes,1
39,Male,26.6,133.0,142.0,122.0,6.1,Low,No,1
27,Female,31.5,131.0,125.0,138.0,5.7,Medium,No,1
43,Female,30.9,124.0,138.0,178.0,4.9,High,No,1
51,Male,24.5,133.0,145.0,133.0,6.3,High,Yes,1
36,Male,33.2,132.0,131.0,165.0,5.4,High,Yes,1
44,Male,28.6,111.0,130.0,,5.2,High,No,0
37,Female,21.6,115.0,131.0,137.0,5.3,Medium,Yes,1
58,Male,30.6,149.0,150.0,,5.9,Low,No,1
59,Female,19.6,135.0,147.0,187.0,5.2,Medium,No,1
46,Female,22.5,177.0,148.0,160.0,5.9,,No,1
47,Male,19.1,137.0,119.0,125.0,5.9,Medium,No,1
42,Male,23.8,119.0,149.0,99.0,5.0,High,Yes,1
47,Female,25.7,145.0,131.0,151.0,5.2,Low,No,1
48,Male,31.3,125.0,151.0,,4.9,High,No,1
27,Male,,125.0,119.0,91.0,4.9,Low,No,0
46,Male,22.5,132.0,140.0,126.0,5.1,High,No,1
60,Male,32.7,161.0,168.0,104.0,6.3,Medium,Yes,1
48,Female,21.3,106.0,154.0,120.0,4.8,Medium,Yes,0
67,Female,28.7,155.0,163.0,103.0,,Medium,No,1
45,Female,30.6,120.0,149.0,123.0,5.8,Low,No,1
61,Male,23.7,127.0,154.0,178.0,5.2,High,No,1
21,Male,26.1,122.0,117.0,,5.7,Medium,No,0
47,Male,18.9,126.0,150.0,91.0,5.2,High,Yes,1
72,Female,26.7,136.0,153.0,140.0,5.7,High,Yes,1
38,Female,20.6,131.0,134.0,83.0,5.0,Medium,Yes,1
70,Male,30.0,163.0,149.0,148.0,6.2,Medium,Yes,1
43,Female,27.5,,141.0,191.0,6.9,Low,Yes,1
66,Male,30.7,,150.0,,6.3,Low,Yes,1
56,Male,29.3,112.0,154.0,118.0,5.3,High,Yes,1
38,Female,29.8,153.0,114.0,,6.0,Low,Yes,1
53,Male,27.8,171.0,161.0,173.0,6.5,Low,Yes,1
30,Female,21.8,131.0,121.0,,5.5,High,No,1
44,Female,25.6,124.0,150.0,105.0,5.9,Medium,No,0
32,Female,20.2,168.0,145.0,68.0,6.3,Low,No,1
58,Female,26.8,162.0,145.0,82.0,5.7,Low,No,1
33,Female,23.7,139.0,161.0,124.0,5.6,Medium,Yes,1
70,Female,20.8,146.0,152.0,172.0,5.4,Low,No,1
49,Female,31.6,152.0,143.0,,6.2,Medium,Yes,1
40,Male,,108.0,132.0,155.0,5.0,Medium,No,0
35,Male,20.9,130.0,134.0,116.0,5.1,High,Yes,1
58,Female,31.2,150.0,153.0,,6.4,,No,1
85,Female,26.6,149.0,158.0,184.0,5.6,Medium,Yes,1
60,Male,29.1,144.0,154.0,169.0,5.9,Medium,Yes,1
68,Female,28.7,157.0,159.0,126.0,6.4,Medium,Yes,1
65,Female,35.0,140.0,145.0,194.0,5.8,High,No,1
75,Male,22.6,149.0,150.0,65.0,5.7,Low,No,1
46,Male,23.0,,146.0,130.0,5.3,Medium,No,0
61,Male,22.1,150.0,,167.0,5.8,Low,Yes,1
27,Female,28.0,,123.0,115.0,5.4,High,No,0
34,Female,21.8,126.0,142.0,65.0,4.3,High,No,1
47,Female,24.4,128.0,142.0,165.0,5.5,Low,No,1
21,Female,25.5,144.0,119.0,184.0,5.8,Medium,Yes,1
28,Female,29.4,136.0,120.0,130.0,5.5,Medium,No,1
26,Female,19.2,129.0,142.0,,5.0,Medium,Yes,1
31,Female,30.8,137.0,157.0,137.0,5.2,Medium,Yes,1
34,Male,22.9,157.0,119.0,71.0,6.2,Low,No,1
58,Male,33.0,,155.0,129.0,5.9,Low,Yes,1
76,Female,29.1,156.0,,175.0,6.3,Low,Yes,1
23,Female,,134.0,131.0,163.0,5.0,Low,No,1
18,Male,24.9,142.0,147.0,116.0,5.6,Medium,No,1
69,Male,28.7,149.0,,194.0,5.8,Medium,Yes,1
54,Male,27.3,134.0,,141.0,5.4,High,No,1
23,Female,22.4,124.0,130.0,172.0,5.1,Low,No,0
51,Male,23.8,140.0,133.0,167.0,6.1,Medium,No,1
46,Male,28.0,116.0,133.0,123.0,6.1,High,No,0
49,Female,19.9,133.0,142.0,,5.3,High,Yes,1
53,Male,30.3,125.0,154.0,160.0,4.7,High,Yes,1
47,Female,31.6,137.0,156.0,100.0,5.0,Medium,Yes,1
34,Female,24.2,120.0,134.0,45.0,5.0,High,Yes,1
26,Female,20.3,138.0,135.0,40.0,6.2,Medium,No,1
85,Male,22.6,141.0,154.0,150.0,,Medium,No,1
57,Female,19.9,128.0,152.0,96.0,5.1,Medium,No,1
62,Female,25.8,158.0,156.0,174.0,6.1,Low,No,1
59,Female,34.1,145.0,166.0,147.0,5.7,Low,No,1
53,Female,20.3,162.0,140.0,111.0,5.2,Medium,Yes,1
71,Male,30.1,168.0,161.0,189.0,6.0,Medium,Yes,1
38,Male,24.3,141.0,137.0,126.0,,Low,No,1
21,Male,18.8,113.0,,,5.1,Medium,No,0
49,Male,28.9,163.0,131.0,188.0,6.1,Low,Yes,1
76,Male,32.2,172.0,148.0,155.0,6.1,Low,Yes,1
50,Female,22.0,177.0,150.0,,5.8,Low,Yes,1
25,Male,23.0,148.0,121.0,161.0,6.1,Medium,Yes,1
48,Male,15.5,166.0,144.0,135.0,6.0,High,Yes,1
63,Male,29.5,156.0,144.0,93.0,5.8,Low,No,1
27,Female,22.0,159.0,111.0,117.0,5.5,Low,Yes,1
41,Female,32.8,149.0,132.0,134.0,,Low,No,1
77,Female,29.7,147.0,151.0,182.0,6.5,Medium,Yes,1
33,Female,28.3,131.0,145.0,122.0,5.4,Low,Yes,1
34,Male,31.1,119.0,131.0,184.0,3.5,Medium,No,0
41,Male,26.0,139.0,157.0,115.0,5.7,Medium,Yes,1
41,Female,27.8,138.0,127.0,154.0,5.1,Low,No,1
59,Female,23.3,145.0,139.0,128.0,5.9,Medium,No,1
72,Female,27.4,170.0,149.0,107.0,6.0,Low,No,1
49,Female,22.4,152.0,152.0,151.0,5.5,Low,No,1
21,Female,32.7,132.0,145.0,133.0,5.5,Medium,Yes,1
44,Male,32.1,,142.0,106.0,5.0,High,No,1
45,Female,25.2,132.0,173.0,195.0,5.8,Medium,No,1
34,Male,19.0,117.0,132.0,139.0,4.9,High,No,0
40,Male,27.9,125.0,136.0,155.0,5.6,Medium,No,0
51,Male,26.6,132.0,146.0,47.0,5.9,High,Yes,1
65,Female,28.2,136.0,125.0,165.0,5.4,High,No,1
64,Female,25.4,127.0,148.0,171.0,5.3,High,Yes,1
61,Male,26.5,146.0,159.0,172.0,6.2,Medium,Yes,1
57,Male,30.4,125.0,133.0,129.0,5.5,Medium,No,1
50,Male,28.9,137.0,135.0,147.0,5.3,Low,No,1
55,Female,17.0,137.0,141.0,77.0,5.2,High,No,1
31,Female,27.5,153.0,138.0,164.0,5.9,Low,No,1
44,Female,30.5,154.0,126.0,129.0,,High,Yes,1
43,Male,30.9,145.0,156.0,111.0,6.2,Medium,No,1
33,Female,20.8,122.0,124.0,56.0,5.0,Medium,No,0
20,Male,25.5,126.0,129.0,,5.4,Low,Yes,1
41,Male,24.6,147.0,137.0,98.0,,Medium,No,1
20,Female,20.4,242.0,145.0,145.0,5.7,Medium,Yes,1
63,Male,25.5,117.0,,139.0,5.4,Medium,No,0
26,Female,22.3,135.0,129.0,128.0,5.3,High,No,1
44,Female,31.1,121.0,147.0,125.0,5.3,Medium,No,1
57,Female,24.8,144.0,134.0,139.0,6.0,Medium,Yes,1
31,Male,19.3,155.0,127.0,103.0,5.9,Medium,Yes,1
60,Male,24.7,129.0,135.0,165.0,4.9,Medium,No,1
60,Female,27.6,145.0,155.0,134.0,5.7,Low,No,1
38,Female,21.2,146.0,136.0,96.0,5.6,Medium,Yes,1
18,Female,24.8,107.0,114.0,,5.3,Medium,No,0
43,Male,25.1,148.0,124.0,167.0,5.6,High,No,1
68,Male,27.2,166.0,147.0,160.0,5.8,Low,Yes,1
33,Male,27.4,126.0,138.0,113.0,5.1,Medium,No,1
51,Male,29.4,138.0,146.0,100.0,6.0,High,No,1
46,Female,19.5,151.0,143.0,106.0,5.7,Low,No,1
37,Male,27.4,148.0,130.0,103.0,5.8,Low,No,1
47,Male,31.7,131.0,140.0,136.0,6.4,Medium,No,1
52,Female,,135.0,141.0,198.0,6.4,Medium,No,1
24,Female,24.7,134.0,114.0,84.0,5.2,High,Yes,1
61,Male,30.1,120.0,155.0,161.0,5.0,Medium,No,1
54,Female,22.0,105.0,125.0,168.0,4.6,Medium,No,0
60,Male,25.6,133.0,207.0,100.0,5.0,Low,No,1
55,Male,18.5,148.0,154.0,67.0,5.6,Low,No,1
54,Male,27.6,125.0,147.0,111.0,5.3,Medium,No,0
40,Female,21.0,104.0,139.0,107.0,4.7,High,No,0
41,Male,35.1,90.0,147.0,174.0,4.2,High,No,1
45,Female,33.7,142.0,134.0,140.0,5.9,Medium,No,1
75,Male,21.2,138.0,139.0,131.0,5.0,Medium,Yes,1
54,Male,32.6,180.0,161.0,232.0,6.5,Medium,Yes,1
33,Male,27.8,122.0,,114.0,5.9,High,Yes,1
67,Male,30.0,160.0,155.0,172.0,6.4,Low,Yes,1
56,Male,20.0,159.0,150.0,107.0,3.9,Medium,Yes,1
32,Male,26.1,125.0,145.0,90.0,4.9,Medium,No,0
37,Male,28.3,124.0,145.0,161.0,5.4,High,Yes,1
51,Female,24.4,103.0,143.0,129.0,5.3,High,Yes,0
50,Female,35.8,152.0,141.0,230.0,6.3,High,Yes,1
66,Female,28.3,126.0,156.0,124.0,5.5,High,No,1
52,Male,,218.0,131.0,168.0,5.9,Medium,No,1
18,Female,23.0,130.0,134.0,161.0,5.0,Low,No,1
75,Female,35.7,145.0,153.0,71.0,5.5,Low,No,1
61,Male,30.0,151.0,142.0,122.0,6.6,Medium,No,1
39,Female,24.1,140.0,145.0,138.0,6.3,Medium,Yes,1
44,Male,25.9,153.0,134.0,,5.7,Medium,Yes,1
39,Male,17.0,141.0,123.0,98.0,5.9,Medium,Yes,1
48,Male,28.2,129.0,131.0,172.0,5.9,High,No,1
44,Female,24.8,132.0,130.0,130.0,6.0,Medium,No,1
48,Female,30.2,137.0,153.0,146.0,6.0,Low,No,1
64,Female,23.5,,151.0,153.0,5.6,Medium,Yes,0
45,Male,21.7,136.0,133.0,113.0,4.8,Low,No,1
25,Male,27.2,117.0,144.0,57.0,5.6,Medium,No,0
47,Female,23.9,165.0,150.0,101.0,5.5,Medium,No,1
52,Female,21.7,147.0,133.0,146.0,5.0,Medium,No,1
55,Male,24.0,138.0,151.0,83.0,5.9,Medium,No,1
54,Female,27.6,151.0,140.0,146.0,5.7,Low,No,1
57,Male,24.5,,161.0,115.0,5.2,High,No,0
22,Female,17.6,132.0,123.0,,5.7,Medium,Yes,1
36,Female,32.2,147.0,135.0,182.0,5.8,Medium,No,1
39,Female,18.7,147.0,134.0,97.0,5.2,Low,Yes,1
49,Male,32.4,161.0,129.0,148.0,6.4,Medium,Yes,1
31,Female,23.4,134.0,131.0,118.0,5.1,High,Yes,1
57,Female,29.6,130.0,68.0,136.0,,Medium,,1
65,Male,31.6,,173.0,210.0,5.0,High,,1
71,Female,24.0,141.0,138.0,743.0,5.3,Low,No,1
61,Male,20.8,154.0,148.0,130.0,5.7,Medium,No,1
28,Female,25.3,109.0,141.0,164.0,4.7,Medium,No,0
25,Female,17.1,121.0,117.0,86.0,5.5,High,No,0
59,Male,25.3,138.0,118.0,107.0,5.0,High,Yes,1
42,Male,30.6,142.0,139.0,131.0,5.8,Medium,No,1
37,Female,26.5,111.0,125.0,153.0,4.9,High,Yes,1
48,Female,38.3,154.0,134.0,153.0,5.8,Medium,Yes,1
28,Male,21.8,139.0,142.0,134.0,5.8,Low,No,1
18,Male,30.0,130.0,143.0,92.0,5.7,Low,No,1
49,Female,27.2,133.0,158.0,79.0,5.9,Low,No,1
76,Female,22.6,140.0,160.0,111.0,6.3,High,Yes,1
55,Female,29.2,146.0,122.0,81.0,5.6,Medium,No,1
22,Female,18.9,129.0,142.0,115.0,5.2,,Yes,1
49,Male,21.4,129.0,141.0,126.0,5.6,Low,No,1
51,Male,27.1,119.0,156.0,166.0,5.3,Medium,No,0
47,Male,24.9,135.0,146.0,143.0,5.8,Low,No,1
32,Female,17.5,121.0,122.0,87.0,4.8,High,Yes,1
40,Female,22.3,136.0,137.0,96.0,5.3,Low,Yes,1
33,Male,25.4,120.0,132.0,160.0,5.4,Medium,No,0
49,Female,23.6,146.0,162.0,103.0,5.9,High,Yes,1
38,Female,17.5,103.0,136.0,83.0,4.8,Medium,No,0
39,Female,23.1,149.0,137.0,131.0,5.2,Low,Yes,1
53,Female,27.1,125.0,128.0,123.0,6.0,Medium,No,0
49,Female,31.2,148.0,149.0,,6.0,Medium,No,1
18,Female,22.4,155.0,107.0,179.0,6.2,Low,Yes,1
56,Male,23.7,139.0,156.0,142.0,5.7,Medium,No,1
36,Male,24.1,129.0,146.0,145.0,5.4,Medium,No,1
41,Male,26.7,103.0,143.0,80.0,4.3,High,No,0
52,Male,21.5,156.0,137.0,147.0,5.5,Medium,No,1
46,Female,19.1,130.0,126.0,172.0,5.5,Medium,Yes,1
35,Male,19.1,114.0,134.0,148.0,5.3,High,Yes,1
35,Female,23.2,139.0,140.0,90.0,5.5,Low,No,1
36,Male,25.8,116.0,134.0,167.0,5.5,Medium,Yes,1
44,Male,28.0,145.0,140.0,109.0,5.5,Low,No,1
62,Female,27.9,176.0,137.0,148.0,6.6,Low,Yes,1
18,Male,,78.0,132.0,102.0,5.8,Medium,Yes,0
27,Female,27.2,142.0,133.0,108.0,5.7,Low,No,1
52,Female,26.4,138.0,155.0,131.0,5.3,Medium,No,1
44,Female,25.7,128.0,142.0,72.0,4.7,High,No,1
41,Female,18.3,123.0,136.0,87.0,5.7,High,Yes,1
38,Male,20.8,148.0,152.0,145.0,5.9,Medium,Yes,1
45,Female,26.4,254.0,149.0,130.0,5.8,Low,No,1
46,Female,24.9,146.0,142.0,,5.5,Low,No,1
61,Female,22.1,139.0,163.0,106.0,5.2,Medium,No,1
41,Female,22.8,131.0,132.0,149.0,4.8,Medium,No,1
49,Male,27.6,111.0,145.0,102.0,5.5,Medium,No,0
47,Female,25.1,136.0,135.0,142.0,5.0,Medium,No,1
47,Male,25.8,150.0,144.0,,6.1,Medium,No,1
29,Male,24.3,120.0,140.0,127.0,5.1,Low,No,0
85,Female,30.1,165.0,170.0,197.0,6.4,Medium,Yes,1
47,Female,20.0,144.0,140.0,133.0,4.5,Low,Yes,1
37,Female,28.6,146.0,135.0,201.0,6.3,Medium,No,1
25,Female,23.4,101.0,128.0,88.0,4.5,Medium,Yes,0
43,Female,33.8,173.0,143.0,174.0,5.9,Low,No,1
42,Male,26.2,136.0,133.0,155.0,4.6,Low,No,1
28,Female,23.8,,126.0,78.0,4.9,Medium,No,0
43,Female,24.7,156.0,119.0,160.0,5.8,Low,No,1
53,Female,27.1,128.0,148.0,134.0,5.6,Medium,No,1
51,Female,21.3,131.0,134.0,123.0,6.0,Medium,No,1
68,Male,21.1,154.0,155.0,115.0,6.0,Medium,No,1
70,Female,23.3,115.0,142.0,149.0,5.7,High,No,0
59,Female,34.8,161.0,145.0,198.0,6.1,Low,No,1
31,Female,26.0,150.0,138.0,96.0,10.8,Low,No,1
56,Female,26.2,118.0,145.0,124.0,4.5,High,No,0
72,Female,25.6,155.0,148.0,161.0,5.8,High,No,1
33,Male,28.7,157.0,133.0,119.0,5.6,Low,Yes,1
49,Female,30.6,144.0,145.0,135.0,5.8,Medium,No,1
64,Male,26.9,149.0,151.0,149.0,5.7,Medium,No,1
51,Male,28.7,123.0,147.0,134.0,5.2,Medium,No,0
51,Female,27.2,160.0,150.0,148.0,6.4,Medium,Yes,1
47,Male,30.4,127.0,146.0,155.0,5.6,Medium,No,1
61,Female,18.5,116.0,153.0,115.0,5.2,Low,No,0
25,Female,22.8,133.0,125.0,,5.2,Low,Yes,1
52,Male,28.0,166.0,155.0,191.0,6.0,Low,No,1
30,Male,28.0,120.0,144.0,,5.6,High,No,0
46,Male,22.6,127.0,130.0,101.0,5.9,Low,No,1
48,Male,25.9,122.0,134.0,,4.7,Medium,No,0
53,Female,21.8,131.0,148.0,524.0,5.4,Low,No,1
34,Female,32.8,173.0,131.0,181.0,5.8,High,No,1
28,Female,27.4,123.0,138.0,170.0,5.0,Medium,No,0
59,Male,26.2,143.0,140.0,118.0,5.8,High,No,1
55,Male,25.0,145.0,155.0,172.0,6.1,High,No,1
40,Male,25.9,156.0,130.0,221.0,5.8,Medium,Yes,1
32,Female,34.1,126.0,135.0,108.0,5.7,Low,Yes,1
26,Male,29.4,110.0,134.0,113.0,4.9,High,No,0
70,Male,23.8,123.0,159.0,60.0,5.3,Medium,No,0
55,Female,30.0,136.0,166.0,130.0,5.0,Low,Yes,1
54,Male,26.3,123.0,142.0,116.0,5.0,Low,No,0
67,Female,32.4,154.0,169.0,178.0,5.7,Medium,No,1
78,Male,31.6,164.0,174.0,159.0,6.3,Medium,No,1
62,Female,29.8,108.0,161.0,87.0,4.6,High,No,0
46,Male,18.6,152.0,125.0,88.0,6.1,Low,No,1
63,Male,19.2,144.0,150.0,90.0,5.6,Medium,No,1
35,Female,33.5,157.0,137.0,133.0,6.2,Medium,No,1
45,Female,23.7,162.0,,113.0,6.6,Low,No,1
23,Female,27.0,133.0,151.0,145.0,5.9,Medium,No,1
58,Female,28.6,125.0,168.0,174.0,5.5,Medium,No,0
45,Male,23.5,141.0,132.0,140.0,5.5,High,Yes,1
68,Female,26.2,118.0,149.0,119.0,5.4,Medium,No,0
28,Male,24.0,150.0,114.0,131.0,5.7,Medium,Yes,1
40,Male,26.1,107.0,138.0,82.0,4.8,High,No,0
52,Male,18.7,120.0,160.0,121.0,5.3,Medium,No,0
72,Male,22.8,172.0,153.0,,6.2,Medium,No,1
63,Female,22.8,139.0,149.0,162.0,5.5,Medium,No,1
60,Male,25.5,156.0,144.0,67.0,6.0,Medium,No,1
38,Male,31.6,137.0,135.0,148.0,5.8,Medium,No,1
52,Female,27.8,136.0,132.0,170.0,5.8,High,Yes,1
43,Male,21.3,130.0,132.0,139.0,5.1,Medium,No,1
56,Female,17.0,157.0,156.0,80.0,6.2,Medium,No,1
19,Male,26.8,108.0,111.0,81.0,5.1,Medium,No,0
47,Male,24.2,151.0,157.0,433.0,5.7,Low,No,1
75,Male,,141.0,154.0,110.0,5.3,Medium,No,1
57,Male,22.8,153.0,159.0,,5.4,High,Yes,1
18,Male,26.1,148.0,139.0,106.0,5.9,Low,Yes,1
30,Female,24.2,137.0,,99.0,5.4,Medium,No,1
29,Female,23.3,109.0,136.0,134.0,4.8,Low,No,0
62,Female,25.3,117.0,154.0,141.0,5.3,High,Yes,1
59,Female,22.9,141.0,153.0,136.0,5.7,High,No,1
48,Female,29.1,128.0,144.0,142.0,5.8,Medium,Yes,1
49,Male,24.6,124.0,142.0,89.0,5.0,High,No,0
50,Female,49.6,130.0,143.0,137.0,5.1,Low,No,1
59,Male,28.1,172.0,145.0,123.0,6.9,Low,No,1
43,Female,,116.0,132.0,,5.1,Medium,No,0
68,Female,35.3,179.0,160.0,,6.6,Low,No,1
55,Female,35.1,141.0,167.0,125.0,5.8,Medium,No,1
56,Male,26.8,141.0,139.0,118.0,,Medium,No,1
59,Male,23.0,142.0,157.0,,5.9,Low,No,1
44,Female,24.9,145.0,,108.0,5.8,Medium,No,1
57,Female,20.4,123.0,147.0,147.0,5.3,Medium,No,0
55,Female,31.2,170.0,147.0,,5.7,Medium,No,1
37,Female,34.6,122.0,147.0,141.0,5.6,Medium,No,0
19,Female,26.6,162.0,124.0,81.0,6.5,Low,No,1
41,Female,27.7,161.0,124.0,197.0,6.1,Medium,,1
69,Male,31.6,135.0,155.0,107.0,5.6,,No,1
54,Female,27.9,156.0,142.0,226.0,6.1,Medium,No,1
45,Male,22.5,106.0,137.0,150.0,5.3,Low,No,0
20,Male,24.7,158.0,120.0,45.0,5.5,Medium,Yes,1
40,Female,22.1,344.0,148.0,127.0,4.9,Medium,No,1
63,Male,,133.0,150.0,137.0,5.3,High,Yes,1
20,Male,27.5,120.0,114.0,188.0,9.8,Medium,No,1
24,Female,29.2,129.0,150.0,101.0,5.3,Medium,No,1
18,Male,29.3,141.0,106.0,132.0,5.6,Medium,Yes,1
71,Female,28.3,136.0,169.0,172.0,5.9,Low,No,1
71,Female,30.0,130.0,163.0,,5.8,Medium,No,1
77,Male,22.1,147.0,148.0,147.0,5.0,Medium,Yes,1
58,Male,25.7,181.0,161.0,131.0,14.4,Medium,Yes,1
31,Male,24.1,142.0,134.0,174.0,4.9,Medium,Yes,1
18,Male,25.6,123.0,114.0,104.0,5.4,High,Yes,1
56,Female,26.5,168.0,147.0,156.0,6.7,Low,Yes,1
72,Female,36.4,171.0,150.0,200.0,6.6,Low,,1
79,Male,27.1,136.0,155.0,163.0,5.3,Low,No,1
85,Female,31.5,,170.0,213.0,6.6,Medium,Yes,1
55,Female,23.2,129.0,130.0,37.0,5.7,Medium,No,1
28,Male,25.8,131.0,137.0,146.0,5.6,Medium,No,1
80,Male,26.5,143.0,163.0,159.0,6.2,Medium,No,1
63,Male,22.7,138.0,136.0,164.0,5.5,Medium,No,1
39,Male,24.0,,133.0,84.0,5.7,Medium,No,0
68,Male,25.0,120.0,133.0,125.0,5.3,High,No,0
52,Female,29.0,96.0,155.0,150.0,5.4,High,,0
47,Female,17.5,145.0,135.0,134.0,6.3,Low,No,1
34,Female,35.3,143.0,148.0,,,High,No,1
33,Female,22.4,129.0,152.0,141.0,5.5,Low,No,1
49,Male,28.9,142.0,148.0,188.0,6.2,Low,No,1
18,Female,24.2,102.0,118.0,,5.4,Low,No,0
30,Female,27.6,145.0,137.0,111.0,5.8,High,Yes,1
58,Female,27.0,155.0,149.0,133.0,6.1,Medium,Yes,1
37,Female,24.6,127.0,150.0,170.0,4.9,High,No,1
38,Male,19.4,123.0,130.0,100.0,4.8,Low,No,0
54,Female,23.1,127.0,125.0,122.0,5.5,Low,,1
32,Male,20.5,132.0,143.0,132.0,5.9,Low,,1
26,Female,25.4,132.0,,102.0,5.2,Low,No,1
25,Male,18.0,122.0,127.0,,5.3,Low,Yes,1
31,Male,28.0,145.0,134.0,58.0,6.1,Low,No,1
41,Female,26.7,132.0,136.0,143.0,5.3,Low,No,1
68,Female,39.5,149.0,168.0,176.0,6.0,High,No,1
51,Female,21.1,106.0,143.0,83.0,4.7,Medium,No,0
61,Female,24.6,117.0,147.0,78.0,5.5,Medium,No,0
78,Female,37.0,175.0,157.0,174.0,6.5,Medium,No,1
35,Female,18.9,131.0,133.0,,5.7,Medium,Yes,1
28,Female,26.6,112.0,138.0,139.0,5.6,Medium,No,0
64,Female,26.9,140.0,155.0,127.0,5.1,Medium,No,1
35,Female,26.0,152.0,130.0,144.0,5.9,Medium,Yes,1
51,Female,18.2,127.0,154.0,87.0,4.7,High,No,1
48,Female,34.3,140.0,141.0,126.0,,High,No,1
40,Female,27.7,122.0,129.0,142.0,5.2,High,Yes,1
51,Female,24.2,150.0,141.0,115.0,5.5,Medium,Yes,1
35,Male,20.0,111.0,136.0,52.0,5.1,High,No,0
52,Female,23.5,166.0,151.0,113.0,6.2,High,Yes,1
18,Female,26.3,137.0,138.0,116.0,5.6,Medium,No,1
32,Male,26.2,111.0,137.0,130.0,5.6,High,No,0
47,Male,26.0,164.0,142.0,161.0,5.6,Low,Yes,1
36,Male,24.3,126.0,120.0,121.0,5.2,Medium,Yes,1
43,Male,27.5,109.0,143.0,125.0,12.5,Medium,No,1
75,Male,24.6,177.0,158.0,197.0,6.2,Medium,Yes,1
53,Male,22.8,146.0,157.0,77.0,5.5,Medium,Yes,1
31,Male,26.2,123.0,135.0,141.0,5.5,High,No,0
43,Male,22.2,130.0,143.0,138.0,5.3,Medium,No,1
39,Male,23.7,150.0,135.0,164.0,5.8,High,No,1
22,Male,22.4,119.0,127.0,164.0,5.0,High,No,0
32,Male,30.5,99.0,124.0,150.0,5.2,High,Yes,0
35,Female,28.5,121.0,130.0,163.0,5.4,Medium,No,0
79,Female,30.3,176.0,173.0,,6.8,Low,No,1
56,Male,24.1,154.0,141.0,126.0,6.6,Low,No,1
36,Female,24.3,125.0,129.0,100.0,5.9,Low,Yes,1
50,Male,27.7,132.0,140.0,81.0,4.7,Low,No,1
42,Male,25.2,130.0,124.0,103.0,5.2,Medium,No,1
45,Male,26.1,138.0,142.0,124.0,5.6,Low,No,1
52,Female,34.6,145.0,129.0,208.0,5.8,Medium,No,1
39,Male,30.8,136.0,143.0,130.0,5.3,Medium,No,1
60,Male,23.8,152.0,158.0,123.0,5.0,High,Yes,1
63,Female,30.0,161.0,158.0,199.0,6.0,Low,Yes,1
27,Male,26.4,245.0,132.0,170.0,6.2,Medium,Yes,1
51,Female,26.0,116.0,158.0,174.0,5.6,Medium,Yes,1
32,Female,22.7,116.0,137.0,48.0,4.6,Medium,No,0
57,Male,26.4,154.0,150.0,114.0,5.6,Low,No,1
47,Female,37.1,123.0,152.0,140.0,4.9,Medium,No,1
52,Male,21.5,131.0,141.0,52.0,5.1,Medium,No,1
43,Female,26.2,137.0,142.0,154.0,5.8,High,No,1
32,Female,25.3,,131.0,,5.7,High,No,0
67,Male,32.7,135.0,149.0,134.0,5.9,Medium,No,1
38,Female,26.9,111.0,130.0,175.0,4.9,High,Yes,1
43,Female,30.4,155.0,132.0,171.0,6.0,Medium,No,1
23,Male,17.9,109.0,130.0,101.0,4.8,High,No,0
18,Female,,163.0,,159.0,5.7,Low,Yes,1
53,Male,31.1,160.0,134.0,174.0,6.2,Medium,No,1
24,Female,26.1,127.0,,142.0,5.4,Low,No,1
18,Female,24.1,136.0,143.0,108.0,5.7,Medium,Yes,1
53,Female,23.0,124.0,154.0,148.0,5.3,Medium,No,0
49,Male,26.9,150.0,153.0,74.0,6.0,Medium,Yes,1
42,Female,23.1,144.0,157.0,116.0,5.6,Medium,No,1
74,Male,32.6,139.0,146.0,104.0,5.9,High,No,1
50,Female,24.9,139.0,153.0,136.0,5.2,Low,No,1
58,Female,27.4,141.0,162.0,115.0,5.8,Low,No,1
36,Female,44.5,142.0,157.0,137.0,6.0,Medium,No,1
67,Male,26.4,136.0,158.0,191.0,5.8,High,Yes,1
38,Male,30.1,170.0,128.0,224.0,5.9,Medium,Yes,1
51,Female,27.8,130.0,140.0,163.0,4.9,High,Yes,1
49,Male,29.2,128.0,158.0,160.0,5.7,High,No,1
64,Male,26.1,151.0,163.0,,5.7,Medium,Yes,1
61,Female,29.0,140.0,133.0,128.0,5.7,Medium,Yes,1
63,Female,24.7,139.0,153.0,144.0,5.2,Low,Yes,1
65,Female,25.5,130.0,160.0,198.0,5.8,Low,No,1
38,Male,30.7,131.0,127.0,125.0,5.6,Medium,Yes,1
36,Female,27.7,150.0,149.0,,6.2,Low,No,1
52,Male,22.9,151.0,141.0,160.0,5.8,Medium,Yes,1
39,Female,24.5,124.0,149.0,52.0,5.4,Medium,No,0
51,Male,27.9,150.0,139.0,174.0,5.4,High,No,1
54,Male,24.2,166.0,144.0,143.0,5.9,Medium,Yes,1
69,Female,30.5,151.0,166.0,178.0,5.8,Medium,No,1
51,Male,31.5,,135.0,193.0,6.0,Low,Yes,1
52,Male,23.2,116.0,142.0,117.0,4.7,Medium,No,0
30,Male,17.0,124.0,129.0,128.0,4.9,Medium,Yes,1
65,Female,21.7,117.0,142.0,132.0,,Low,No,0
60,Female,30.8,183.0,155.0,210.0,,Low,No,1
65,Male,28.8,179.0,143.0,103.0,6.1,Low,No,1
56,Male,28.2,166.0,143.0,139.0,6.4,Medium,Yes,1
47,Female,25.4,165.0,139.0,153.0,5.5,Low,No,1
36,Male,24.1,119.0,132.0,69.0,4.7,Medium,Yes,1
45,Male,29.4,116.0,141.0,151.0,5.2,Medium,No,0
23,Male,23.5,163.0,141.0,154.0,6.3,Low,No,1
85,Female,23.4,124.0,148.0,85.0,5.4,Low,No,0
57,Male,22.7,139.0,148.0,183.0,5.8,Medium,No,1
59,Female,32.6,167.0,161.0,170.0,6.1,Low,No,1
31,Female,24.3,129.0,134.0,109.0,14.2,Medium,No,1
43,Female,17.0,121.0,140.0,72.0,5.6,Medium,Yes,1
39,Female,20.4,132.0,124.0,101.0,5.3,Medium,Yes,1
42,Male,23.2,151.0,153.0,132.0,5.7,High,No,1
34,Male,28.1,134.0,130.0,175.0,5.7,Medium,No,1
45,Male,22.1,130.0,136.0,150.0,5.5,Medium,No,1
18,Female,29.9,112.0,130.0,76.0,5.5,High,Yes,1
39,Female,25.1,111.0,132.0,104.0,5.1,Medium,No,0
31,Female,25.6,138.0,133.0,86.0,5.7,Low,No,1
43,Male,25.1,109.0,146.0,135.0,5.7,Medium,No,0
40,Male,28.2,133.0,133.0,,5.5,High,Yes,1
39,Female,23.6,131.0,118.0,,5.9,High,No,1
53,Female,20.1,129.0,133.0,91.0,5.3,Medium,No,1
55,Female,30.4,156.0,140.0,137.0,5.4,Medium,No,1
48,Male,25.4,130.0,142.0,127.0,5.8,Low,No,1
81,Female,21.7,127.0,164.0,138.0,5.4,High,No,1
63,Male,33.8,,164.0,119.0,6.2,Low,No,1
37,Female,27.5,147.0,134.0,263.0,6.0,Medium,Yes,1
28,Male,22.9,113.0,128.0,136.0,4.9,High,No,0
64,Male,22.9,114.0,150.0,97.0,5.0,High,Yes,1
72,Female,29.9,,170.0,110.0,5.2,High,No,0
40,Female,28.5,143.0,145.0,127.0,6.0,Medium,No,1
54,Male,23.4,136.0,144.0,373.0,5.3,Medium,No,1
53,Female,28.2,154.0,146.0,206.0,6.4,Low,No,1
45,Male,26.1,144.0,152.0,85.0,5.8,Low,Yes,1
69,Female,25.1,137.0,166.0,91.0,6.0,Medium,No,1
18,Female,25.7,180.0,135.0,203.0,6.1,Low,Yes,1
65,Female,24.7,172.0,156.0,129.0,5.8,Low,Yes,1
65,Female,23.4,109.0,133.0,91.0,4.9,Medium,No,0
45,Female,29.2,148.0,132.0,130.0,5.1,Medium,Yes,1
64,Female,24.9,138.0,149.0,132.0,5.6,High,No,1
53,Female,30.2,136.0,157.0,29.0,6.2,Medium,Yes,1
41,Female,18.5,98.0,132.0,111.0,4.4,Medium,No,0
54,Male,28.8,113.0,164.0,113.0,5.4,Medium,No,0
33,Female,17.0,120.0,134.0,77.0,5.0,Medium,No,0
46,Female,22.0,108.0,153.0,105.0,5.0,Low,No,0
41,Male,29.8,150.0,149.0,159.0,6.1,Medium,No,1
57,Male,27.6,150.0,118.0,157.0,5.8,Medium,No,1
59,Female,18.1,154.0,139.0,84.0,5.6,Low,No,1
85,Male,36.6,151.0,163.0,138.0,6.2,High,Yes,1
66,Female,24.8,143.0,142.0,110.0,5.7,High,No,1
62,Male,28.6,128.0,152.0,195.0,5.7,,No,1
42,Female,29.8,151.0,136.0,95.0,5.6,Medium,No,1
69,Male,25.8,151.0,158.0,719.0,5.8,Low,No,1
49,Female,23.4,129.0,146.0,126.0,5.5,Medium,Yes,1
37,Male,24.0,123.0,153.0,66.0,5.1,Low,No,0
81,Male,,155.0,150.0,153.0,6.1,Low,No,1
56,Female,26.6,336.0,135.0,135.0,5.3,High,No,1
53,Male,33.4,137.0,127.0,141.0,5.1,High,Yes,1
55,Female,32.7,150.0,168.0,134.0,6.5,Medium,No,1
48,Male,22.6,139.0,138.0,128.0,5.4,Medium,No,1
44,Male,24.3,146.0,132.0,157.0,5.9,Low,Yes,1
40,Female,27.3,146.0,138.0,173.0,6.3,Medium,No,1
62,Male,26.0,151.0,150.0,133.0,6.6,Low,No,1
24,Female,21.6,135.0,129.0,161.0,5.5,High,Yes,1
48,Male,22.0,140.0,132.0,142.0,5.5,Medium,Yes,1
66,Male,28.1,157.0,143.0,178.0,5.8,Low,No,1
67,Female,19.0,160.0,143.0,185.0,6.0,Low,No,1
37,Female,22.0,144.0,142.0,133.0,5.4,Low,Yes,1
63,Female,22.3,140.0,174.0,199.0,5.6,Low,No,1
60,Male,33.5,153.0,81.0,135.0,5.9,Low,Yes,1
65,Female,33.2,168.0,159.0,144.0,5.7,Low,No,1
32,Female,24.3,,145.0,120.0,4.3,High,No,0
41,Female,23.2,117.0,129.0,128.0,5.4,High,Yes,1
52,Female,18.9,114.0,,124.0,4.8,Medium,Yes,1
34,Female,,134.0,147.0,91.0,5.7,Low,No,1
41,Female,28.9,136.0,132.0,174.0,5.5,High,Yes,1
53,Female,22.0,167.0,144.0,118.0,6.1,Low,No,1
61,Male,29.4,153.0,158.0,,6.7,Medium,No,1
30,Male,24.0,100.0,139.0,155.0,4.9,High,No,0
55,Male,29.0,127.0,175.0,90.0,5.6,Medium,No,1
26,Male,28.2,146.0,143.0,154.0,5.5,High,Yes,1
28,Female,23.2,106.0,119.0,160.0,5.0,Low,No,0
48,Male,23.7,135.0,139.0,110.0,6.0,Medium,Yes,1
54,Female,26.7,159.0,134.0,114.0,6.3,Low,No,1
52,Male,28.8,113.0,150.0,45.0,5.7,High,No,0
28,Female,18.7,143.0,119.0,102.0,5.4,Medium,No,1
37,Female,26.2,,129.0,157.0,5.6,Low,No,0
41,Female,26.1,152.0,131.0,175.0,5.6,Low,No,1
30,Female,26.1,148.0,128.0,184.0,6.0,Medium,Yes,1
60,Male,30.9,136.0,163.0,168.0,6.1,High,No,1
29,Male,26.0,124.0,119.0,118.0,5.2,Medium,No,0
32,Female,24.1,151.0,131.0,15.0,5.7,Low,No,1
68,Female,28.0,145.0,163.0,145.0,5.6,High,,1
38,Male,32.6,,148.0,117.0,5.4,Medium,No,0
54,Male,28.6,130.0,143.0,176.0,5.8,Medium,Yes,1
46,Female,28.1,129.0,,167.0,5.4,Low,No,1
55,Male,29.1,111.0,151.0,97.0,4.9,Medium,No,0
41,Male,22.4,107.0,148.0,82.0,3.0,Medium,No,0
54,Female,22.5,160.0,139.0,,6.0,Low,Yes,1
75,Female,23.8,139.0,158.0,107.0,5.5,Low,No,1
35,Female,26.6,136.0,140.0,157.0,6.1,Medium,No,1
68,Male,24.2,137.0,,110.0,5.3,Medium,No,1
51,Male,33.7,149.0,139.0,143.0,5.8,Medium,Yes,1
58,Male,23.0,160.0,133.0,,5.9,Low,Yes,1
38,Male,22.4,126.0,117.0,165.0,5.0,Low,No,1
55,Male,31.9,158.0,149.0,159.0,5.9,Medium,Yes,1
45,Male,26.1,153.0,138.0,109.0,5.4,Medium,Yes,1
64,Male,32.6,135.0,142.0,115.0,6.0,High,Yes,1
22,Male,17.0,118.0,121.0,175.0,5.0,Low,No,0
58,Female,20.9,102.0,133.0,91.0,5.1,High,Yes,0
56,Female,26.8,125.0,143.0,132.0,6.2,High,Yes,1
41,Female,24.6,132.0,134.0,137.0,5.5,Medium,No,1
45,Male,22.8,149.0,,131.0,6.1,Medium,No,1
58,Male,30.9,115.0,,87.0,5.7,Medium,Yes,1
63,Male,24.8,141.0,145.0,139.0,5.3,Medium,Yes,1
61,Male,34.6,142.0,148.0,150.0,5.9,Medium,No,1
60,Male,30.6,178.0,152.0,119.0,6.6,Medium,Yes,1
72,Female,32.8,153.0,160.0,175.0,5.5,Medium,No,1
24,Male,18.1,151.0,127.0,187.0,5.6,Low,Yes,1
64,Female,22.1,151.0,152.0,93.0,5.9,High,Yes,1
48,Male,25.9,129.0,134.0,105.0,5.3,Medium,No,1
46,Female,17.0,132.0,135.0,160.0,5.0,Low,No,1
49,Male,27.8,126.0,146.0,178.0,5.1,High,No,1
34,Female,,160.0,129.0,205.0,6.3,Medium,,1
33,Male,29.6,161.0,126.0,94.0,6.2,Medium,Yes,1
39,Female,23.8,121.0,149.0,153.0,5.4,High,,0
80,Male,23.3,147.0,150.0,100.0,5.1,Medium,No,1
33,Female,22.3,136.0,143.0,185.0,5.0,Medium,Yes,1
41,Female,22.0,148.0,140.0,140.0,5.8,Medium,No,1
30,Female,22.4,115.0,127.0,103.0,5.0,High,No,0
68,Male,33.2,178.0,136.0,159.0,6.6,Medium,Yes,1
50,Male,28.0,141.0,151.0,123.0,6.5,Low,Yes,1
51,Female,27.8,141.0,147.0,110.0,5.7,Low,Yes,1
48,Male,27.7,127.0,139.0,43.0,5.3,Medium,Yes,1
50,Female,29.6,145.0,136.0,160.0,6.5,Medium,,1
63,Male,36.5,146.0,,161.0,5.9,Medium,No,1
42,Female,33.1,138.0,135.0,113.0,5.9,High,Yes,1
52,Female,26.9,255.0,148.0,120.0,6.2,Low,Yes,1
49,Female,27.2,106.0,132.0,153.0,5.3,High,Yes,0
56,Female,33.0,136.0,124.0,160.0,5.5,High,No,1
65,Male,27.4,142.0,147.0,191.0,5.4,High,Yes,1
69,Male,28.2,152.0,153.0,161.0,6.1,Medium,Yes,1
53,Male,24.7,135.0,149.0,130.0,5.7,Low,,1
35,Female,34.2,159.0,156.0,202.0,5.8,Medium,No,1
39,Male,30.3,125.0,144.0,108.0,4.7,Medium,No,0
45,Female,24.7,135.0,141.0,156.0,5.8,Medium,Yes,1
70,Female,30.8,158.0,157.0,256.0,6.0,Medium,Yes,1
84,Male,27.8,147.0,162.0,168.0,5.5,High,No,1
39,Female,27.2,147.0,129.0,101.0,6.4,Low,No,1
53,Male,34.2,154.0,148.0,181.0,6.0,Medium,No,1
46,Female,20.7,129.0,134.0,86.0,5.1,High,Yes,1
29,Female,24.3,161.0,109.0,141.0,,Low,,1
60,Female,28.7,,150.0,112.0,5.4,High,No,0
51,Female,18.4,127.0,126.0,,4.8,Low,Yes,1
41,Female,24.9,124.0,137.0,120.0,5.8,Medium,No,0
50,Male,25.3,110.0,155.0,41.0,5.3,Medium,No,0
51,Male,29.9,150.0,151.0,133.0,5.7,Low,No,1
72,Female,22.8,152.0,155.0,129.0,5.9,Low,No,1
48,Male,26.9,122.0,129.0,99.0,3.4,Medium,No,0
49,Male,23.6,129.0,153.0,132.0,4.9,Medium,No,1
32,Female,21.9,101.0,138.0,564.0,4.0,Medium,No,0
45,Female,22.2,127.0,132.0,157.0,5.0,Medium,Yes,1
48,Female,28.6,139.0,137.0,,5.8,Medium,Yes,1
57,Female,28.3,125.0,158.0,126.0,5.5,High,No,0
37,Female,22.1,139.0,119.0,128.0,5.5,Low,No,1
46,Male,20.0,121.0,124.0,95.0,4.9,Medium,Yes,1
45,Female,26.9,155.0,135.0,114.0,5.3,Medium,Yes,1
70,Female,23.6,122.0,168.0,88.0,5.5,Low,No,0
34,Male,19.4,134.0,142.0,142.0,5.1,Medium,No,1
18,Female,25.7,115.0,110.0,108.0,,Medium,No,0
19,Male,28.7,151.0,132.0,,5.8,Low,No,1
55,Female,23.1,,153.0,146.0,4.9,High,No,0
48,Male,39.9,149.0,188.0,107.0,6.2,Medium,No,1
76,Female,27.5,129.0,153.0,134.0,5.5,Medium,No,1
55,Male,22.1,130.0,142.0,151.0,5.7,Medium,Yes,1
35,Male,24.2,144.0,147.0,129.0,6.1,Low,Yes,1
41,Male,40.0,119.0,155.0,83.0,5.1,High,No,1
43,Male,28.1,112.0,148.0,144.0,5.0,Medium,No,0
28,Female,30.8,,133.0,208.0,5.7,Low,No,0
34,Male,23.1,145.0,138.0,108.0,5.5,Medium,Yes,1
57,Female,24.8,142.0,151.0,169.0,7.1,Low,No,1
59,Male,22.4,132.0,131.0,132.0,5.4,High,No,1
35,Female,18.6,132.0,119.0,141.0,5.0,High,Yes,1
53,Female,24.5,119.0,143.0,104.0,5.1,Medium,No,0
73,Male,31.2,139.0,151.0,215.0,,High,Yes,1
33,Female,24.8,52.0,111.0,116.0,5.2,Medium,No,0
54,Male,25.3,112.0,148.0,118.0,5.1,High,No,0
57,Male,28.8,120.0,143.0,110.0,5.3,Medium,No,0
62,Female,25.3,186.0,143.0,175.0,7.1,Low,Yes,1
48,Female,24.1,130.0,152.0,149.0,6.0,Medium,No,1
48,Female,26.1,173.0,151.0,100.0,6.5,Medium,Yes,1
66,Female,25.7,129.0,155.0,120.0,5.6,High,No,1
38,Female,30.2,163.0,140.0,120.0,6.5,Medium,Yes,1
56,Male,33.8,346.0,148.0,149.0,6.6,Low,No,1
48,Female,,195.0,153.0,175.0,6.9,Low,Yes,1
18,Male,21.1,121.0,134.0,142.0,5.4,Medium,No,0
29,Male,26.5,115.0,124.0,121.0,4.7,High,No,0
33,Male,17.8,121.0,119.0,147.0,4.7,Medium,No,0
33,Male,28.2,170.0,115.0,185.0,6.1,Low,Yes,1
18,Male,47.5,122.0,127.0,133.0,5.3,High,Yes,1
21,Female,22.9,123.0,125.0,,4.6,Low,No,0
31,Female,,106.0,113.0,23.0,4.9,High,No,0
46,Female,25.0,122.0,124.0,88.0,5.4,Medium,No,0
63,Female,30.0,128.0,136.0,135.0,6.0,Low,No,1
41,Female,27.0,129.0,126.0,178.0,5.8,High,No,1
37,Female,24.8,107.0,126.0,97.0,5.2,High,No,0
53,Male,27.0,149.0,126.0,122.0,5.0,High,Yes,1
55,Female,31.1,142.0,146.0,83.0,,Medium,Yes,1
53,Male,25.2,131.0,151.0,89.0,6.0,High,Yes,1
72,Female,22.9,107.0,150.0,142.0,4.7,High,No,0
18,Male,25.5,,135.0,106.0,5.9,Medium,Yes,0
62,Male,25.0,118.0,170.0,126.0,5.0,Medium,No,0
54,Female,24.6,159.0,136.0,114.0,6.9,Low,Yes,1
83,Male,26.1,139.0,169.0,,5.3,Medium,No,1
47,Female,30.3,151.0,137.0,112.0,6.3,Medium,,1
66,Female,30.8,104.0,148.0,,5.9,Medium,No,1
42,Female,19.4,142.0,161.0,119.0,5.0,Medium,No,1
56,Male,23.0,138.0,143.0,121.0,5.5,High,Yes,1
71,Female,33.8,150.0,147.0,134.0,6.0,Medium,,1
42,Male,21.2,110.0,131.0,80.0,4.7,High,No,0
37,Female,23.1,121.0,121.0,122.0,5.4,Medium,No,0
55,Male,27.6,127.0,149.0,68.0,5.7,Medium,No,1
38,Male,24.3,148.0,125.0,106.0,5.9,Medium,No,1
61,Female,26.3,143.0,160.0,203.0,5.3,High,No,1
50,Female,22.0,122.0,148.0,108.0,5.1,Medium,No,0
54,Male,25.5,138.0,143.0,103.0,5.7,Medium,Yes,1
45,Male,23.0,91.0,133.0,140.0,4.5,High,Yes,0
49,Female,26.7,156.0,149.0,149.0,5.8,High,No,1
51,Female,22.0,151.0,130.0,83.0,6.2,Low,No,1
18,Male,25.8,156.0,114.0,,5.8,Low,No,1
27,Male,22.7,111.0,117.0,,5.0,High,No,0
40,Female,31.4,119.0,134.0,203.0,5.2,High,No,1
28,Male,30.0,126.0,129.0,134.0,5.6,,Yes,1
38,Male,18.3,145.0,145.0,106.0,5.6,Medium,Yes,1
35,Female,27.4,112.0,128.0,151.0,5.1,Medium,No,0
68,Male,25.7,153.0,151.0,130.0,5.7,High,No,1
56,Male,26.4,135.0,142.0,21.0,5.4,High,No,1
36,Female,24.4,106.0,134.0,183.0,,High,No,0
31,Female,22.4,120.0,124.0,154.0,7.0,Low,No,1
41,Male,18.9,,140.0,148.0,9.4,Medium,No,1
43,Female,28.4,149.0,133.0,131.0,,Medium,No,1
43,Male,24.7,106.0,136.0,78.0,4.8,High,Yes,0
29,Male,18.6,111.0,131.0,119.0,4.9,Medium,No,0
48,Male,31.1,149.0,153.0,203.0,6.3,High,No,1
43,Male,25.9,132.0,137.0,192.0,5.2,Low,Yes,1
18,Male,24.6,111.0,136.0,119.0,4.8,High,No,0
37,Male,27.5,137.0,156.0,165.0,5.7,Medium,No,1
60,Female,26.6,119.0,137.0,91.0,5.3,Medium,No,0
31,Male,27.9,137.0,135.0,107.0,5.5,Low,No,1
18,Female,24.3,134.0,117.0,,6.2,Medium,No,1
49,Male,19.9,121.0,131.0,112.0,5.5,Medium,No,0
29,Female,42.8,139.0,211.0,159.0,5.2,,No,1
36,Male,27.9,131.0,139.0,151.0,5.0,High,Yes,1
63,Female,26.9,159.0,167.0,174.0,6.1,Medium,No,1
49,Female,25.6,98.0,155.0,116.0,5.0,Medium,Yes,0
51,Female,23.7,123.0,145.0,151.0,4.7,High,Yes,1
64,Female,25.6,148.0,168.0,139.0,5.7,Low,No,1
37,Male,28.6,129.0,144.0,733.0,6.1,High,No,1
70,Male,22.3,170.0,149.0,173.0,6.2,Low,Yes,1
49,Male,20.1,148.0,141.0,107.0,6.1,Medium,Yes,1
48,Female,24.6,116.0,148.0,119.0,5.4,High,Yes,1
42,Female,27.8,133.0,131.0,121.0,5.0,Medium,Yes,1
75,Female,25.9,135.0,182.0,185.0,5.7,Low,No,1
58,Female,,127.0,147.0,72.0,5.7,Medium,No,1
23,Female,24.0,113.0,138.0,132.0,4.5,Low,No,0
38,Female,29.9,131.0,144.0,168.0,5.5,High,No,1
45,Female,21.9,146.0,143.0,112.0,5.5,Low,No,1
52,Female,23.1,113.0,148.0,71.0,5.2,Medium,No,0
56,Female,30.4,116.0,160.0,145.0,6.5,High,No,1
44,Female,31.1,141.0,128.0,121.0,5.9,Low,No,1
33,Female,24.4,140.0,121.0,140.0,5.8,Medium,No,1
44,Female,31.1,185.0,134.0,179.0,6.3,Low,No,1
18,Male,22.2,123.0,138.0,119.0,5.5,Medium,No,0
27,Male,21.9,140.0,129.0,194.0,5.6,Low,Yes,1
64,Female,27.0,119.0,141.0,100.0,5.7,Medium,Yes,1
28,Female,27.2,157.0,145.0,165.0,6.3,Low,Yes,1
31,Female,33.0,126.0,127.0,150.0,5.5,Medium,Yes,1
53,Female,35.7,117.0,148.0,169.0,7.1,Low,Yes,1
52,Male,,143.0,144.0,112.0,5.4,Medium,No,1
47,Female,21.4,147.0,123.0,136.0,5.5,Medium,No,1
37,Male,28.1,146.0,137.0,130.0,5.8,Low,No,1
55,Male,24.8,166.0,131.0,399.0,5.7,Low,Yes,1
42,Male,29.9,121.0,159.0,114.0,5.3,Medium,Yes,1
49,Male,21.6,142.0,135.0,140.0,5.3,Medium,No,1
63,Male,24.4,136.0,148.0,643.0,5.3,High,No,1
40,Female,31.6,131.0,142.0,137.0,5.5,Low,No,1
63,Male,24.8,112.0,136.0,,4.8,High,Yes,1
34,Female,23.9,109.0,150.0,116.0,4.7,High,No,0
50,Female,27.0,132.0,,110.0,6.0,Medium,Yes,1
65,Male,26.2,128.0,147.0,159.0,4.7,High,No,1
43,Male,31.5,150.0,133.0,107.0,5.5,Medium,No,1
46,Male,20.1,121.0,132.0,101.0,5.4,Medium,No,0
38,Male,19.6,130.0,133.0,92.0,5.6,Low,No,1
49,Male,29.2,157.0,167.0,141.0,5.6,Low,Yes,1
69,Female,26.6,133.0,156.0,99.0,5.7,High,Yes,1
19,Male,32.6,133.0,129.0,123.0,5.7,Low,No,1
40,Female,28.3,180.0,106.0,133.0,,Medium,Yes,1
36,Male,24.6,151.0,126.0,77.0,6.0,Low,Yes,1
44,Male,26.5,135.0,118.0,106.0,6.2,High,No,1
56,Female,19.3,65.0,133.0,80.0,5.2,Low,Yes,0
22,Female,19.9,108.0,124.0,98.0,4.6,Medium,Yes,0
59,Female,25.3,131.0,149.0,108.0,5.5,Medium,No,1
42,Male,29.0,156.0,135.0,,5.3,Medium,No,1
45,Male,25.6,124.0,144.0,96.0,,High,No,0
70,Female,30.6,153.0,152.0,87.0,5.9,Medium,Yes,1
18,Female,23.7,133.0,,114.0,5.4,Low,Yes,1
49,Male,22.9,121.0,142.0,122.0,5.1,Medium,No,0
49,Male,31.6,123.0,148.0,142.0,5.3,Medium,No,1
58,Male,17.0,150.0,152.0,650.0,5.1,Medium,No,1
41,Female,29.8,154.0,139.0,653.0,6.1,Medium,Yes,1
38,Female,25.7,189.0,146.0,571.0,6.8,Low,Yes,1
34,Male,24.9,120.0,123.0,185.0,5.0,High,No,0
54,Male,29.1,152.0,145.0,187.0,5.8,Medium,No,1
44,Male,28.6,175.0,123.0,155.0,6.7,Medium,Yes,1
25,Male,35.9,131.0,136.0,132.0,5.5,High,No,1
46,Female,22.0,141.0,143.0,31.0,4.8,Medium,No,1
23,Male,26.2,111.0,127.0,119.0,5.0,Medium,No,0
56,Male,26.6,332.0,141.0,167.0,5.5,Low,No,1
47,Male,28.8,132.0,154.0,163.0,5.1,Medium,No,1
42,Male,28.0,131.0,159.0,131.0,6.0,High,No,1
55,Female,29.0,148.0,155.0,169.0,6.2,Medium,No,1
26,Female,24.7,116.0,101.0,110.0,5.2,High,No,0
45,Male,24.8,134.0,154.0,121.0,6.1,Medium,No,1
71,Female,25.9,154.0,143.0,140.0,5.3,Low,Yes,1
37,Male,31.3,134.0,,169.0,5.7,Low,No,1
47,Male,30.8,118.0,160.0,112.0,5.4,Medium,No,1
27,Female,28.1,145.0,131.0,184.0,6.4,Low,No,1
44,Female,27.5,144.0,123.0,56.0,6.0,Medium,Yes,1
40,Male,24.3,106.0,132.0,124.0,4.9,High,No,0
61,Male,24.5,149.0,143.0,118.0,5.7,Low,No,1
49,Male,21.7,110.0,139.0,69.0,5.3,Medium,Yes,1
59,Male,21.7,141.0,146.0,121.0,5.7,High,No,1
37,Female,27.1,104.0,139.0,91.0,5.4,High,,0
45,Male,29.4,,141.0,122.0,4.4,Medium,Yes,0
46,Female,23.9,129.0,166.0,139.0,5.1,Medium,Yes,1
29,Female,29.8,143.0,131.0,116.0,5.3,Low,Yes,1
18,Male,17.9,120.0,,67.0,5.1,Low,No,0
51,Female,22.3,107.0,147.0,102.0,4.9,High,No,0
65,Male,28.5,135.0,171.0,170.0,5.9,High,No,1
54,Female,32.3,127.0,91.0,177.0,5.0,High,No,1
46,Male,26.9,152.0,130.0,203.0,5.7,Medium,No,1
51,Male,32.6,140.0,146.0,147.0,6.7,Medium,No,1
46,Female,35.4,179.0,138.0,198.0,6.9,Low,No,1
21,Female,24.3,122.0,148.0,124.0,5.3,Medium,Yes,1
51,Male,33.1,169.0,132.0,207.0,6.4,Low,No,1
41,Male,30.4,140.0,129.0,137.0,6.0,Low,No,1
55,Female,17.6,142.0,135.0,46.0,5.2,Medium,No,1
52,Male,28.6,128.0,133.0,145.0,6.1,Medium,No,1
30,Male,22.0,105.0,120.0,134.0,4.9,High,No,0
61,Male,23.2,128.0,157.0,122.0,5.1,High,No,1
36,Male,19.5,116.0,135.0,141.0,5.5,Medium,No,0
40,Male,26.9,153.0,135.0,147.0,6.1,High,Yes,1
37,Male,21.3,122.0,112.0,85.0,6.0,Low,No,0
71,Female,21.0,171.0,135.0,163.0,6.2,Low,No,1
60,Male,31.2,176.0,146.0,150.0,6.6,Low,No,1
49,Male,26.0,135.0,154.0,163.0,5.8,High,Yes,1
70,Male,,179.0,165.0,145.0,6.6,Low,Yes,1
22,Male,21.7,154.0,142.0,122.0,6.2,Medium,Yes,1
64,Female,25.8,118.0,159.0,130.0,13.4,Medium,No,1
75,Male,54.4,146.0,153.0,145.0,5.4,Medium,No,1
41,Female,22.7,,146.0,152.0,4.6,High,No,0
57,Female,22.7,158.0,165.0,132.0,6.1,Medium,Yes,1
69,Male,26.0,131.0,127.0,124.0,5.3,High,No,1
61,Female,23.0,118.0,162.0,60.0,4.9,Medium,No,0
68,Female,22.8,135.0,148.0,179.0,5.3,Medium,No,1
61,Male,25.6,156.0,166.0,161.0,5.6,Medium,No,1
69,Male,28.6,125.0,148.0,104.0,5.2,Medium,No,0
35,Female,24.4,126.0,132.0,163.0,5.1,High,No,1
37,Male,24.8,137.0,149.0,114.0,5.3,Low,Yes,1
42,Female,26.2,134.0,136.0,117.0,5.6,Medium,Yes,1
47,Male,29.5,166.0,162.0,181.0,5.7,Low,No,1
37,Male,22.7,153.0,138.0,61.0,5.9,Low,No,1
50,Female,34.4,151.0,140.0,138.0,5.7,Medium,No,1
46,Male,18.6,118.0,136.0,94.0,5.4,Low,No,0
42,Male,23.6,146.0,141.0,153.0,5.5,High,No,1
59,Female,21.0,112.0,144.0,67.0,4.7,Low,No,0
68,Female,26.7,146.0,163.0,79.0,5.6,Low,No,1
54,Male,23.7,154.0,133.0,128.0,5.3,Low,No,1
56,Female,33.6,146.0,163.0,192.0,5.5,Medium,No,1
49,Male,30.4,155.0,143.0,,6.0,Medium,Yes,1
33,Female,20.5,115.0,137.0,137.0,5.1,Medium,No,0
40,Male,24.3,156.0,131.0,120.0,6.1,Medium,Yes,1
60,Female,24.7,153.0,162.0,114.0,6.5,Medium,Yes,1
43,Male,30.0,139.0,132.0,174.0,5.9,Medium,No,1
63,Male,34.1,140.0,154.0,110.0,5.1,Low,No,1
30,Male,21.4,118.0,140.0,175.0,5.4,Medium,No,0
37,Male,23.0,147.0,135.0,156.0,5.6,High,Yes,1
56,Male,33.2,121.0,158.0,108.0,5.5,High,No,1
55,Female,27.1,129.0,127.0,156.0,5.0,Medium,Yes,1
40,Male,26.8,107.0,131.0,171.0,4.9,High,No,0
61,Female,21.0,106.0,150.0,98.0,4.8,High,No,0
70,Male,26.1,156.0,154.0,171.0,6.2,Low,No,1
43,Female,24.0,118.0,134.0,105.0,5.3,Low,No,0
46,Female,23.7,148.0,142.0,38.0,5.0,Medium,No,1
76,Male,21.8,116.0,141.0,87.0,4.7,High,Yes,1
62,Male,31.5,148.0,143.0,160.0,5.5,Low,No,1
45,Female,23.7,132.0,128.0,148.0,11.3,Medium,Yes,1
22,Male,26.6,138.0,132.0,,5.0,Low,No,1
49,Male,28.5,108.0,147.0,115.0,4.8,High,No,0
65,Female,25.6,161.0,142.0,181.0,5.7,Medium,Yes,1
26,Male,31.3,123.0,134.0,89.0,6.2,High,Yes,1
37,Female,26.9,137.0,125.0,178.0,,Low,No,1
53,Male,28.7,141.0,162.0,156.0,6.1,Low,No,1
56,Female,22.7,126.0,156.0,101.0,5.3,Low,No,1
69,Female,31.7,151.0,148.0,152.0,6.0,Low,Yes,1
51,Male,25.3,144.0,157.0,,5.9,High,No,1
54,Male,31.9,124.0,143.0,196.0,5.0,Medium,No,1
56,Male,25.5,120.0,140.0,76.0,5.0,High,Yes,1
32,Female,19.1,145.0,117.0,106.0,5.4,Medium,No,1
34,Female,25.3,123.0,142.0,123.0,4.5,,No,0
19,Male,35.5,118.0,126.0,96.0,5.3,High,No,0
49,Female,28.7,150.0,148.0,168.0,6.1,Medium,No,1
32,Female,23.5,125.0,150.0,94.0,5.3,Low,No,0
20,Female,18.7,100.0,126.0,,4.4,Low,No,0
34,Male,26.7,136.0,134.0,132.0,4.8,Low,Yes,1
53,Male,35.3,154.0,139.0,160.0,6.0,Low,No,1
48,Male,24.2,136.0,134.0,93.0,5.4,Medium,No,1
71,Female,,159.0,149.0,128.0,6.0,Medium,Yes,1
25,Male,24.3,120.0,134.0,78.0,5.3,Medium,No,0
69,Male,26.2,144.0,158.0,89.0,5.6,High,No,1
44,Female,23.2,135.0,137.0,,5.6,Medium,Yes,1
33,Female,22.1,102.0,123.0,79.0,4.7,Low,No,0
32,Male,31.9,146.0,130.0,169.0,6.4,High,Yes,1
63,Male,24.3,152.0,156.0,127.0,6.2,Medium,Yes,1
49,Male,26.1,104.0,136.0,80.0,5.1,High,No,0
50,Male,23.6,137.0,145.0,162.0,5.8,High,Yes,1
48,Male,30.7,130.0,150.0,162.0,6.0,Medium,,1
26,Female,26.1,148.0,126.0,108.0,6.5,Medium,No,1
63,Female,21.6,119.0,153.0,131.0,5.0,Medium,No,0
22,Female,23.0,152.0,135.0,,5.9,Low,Yes,1
61,Female,28.3,157.0,152.0,139.0,6.0,Medium,Yes,1
41,Male,22.2,144.0,123.0,138.0,5.5,Low,Yes,1
60,Male,24.2,142.0,148.0,120.0,5.7,Medium,No,1
62,Male,29.7,163.0,157.0,166.0,,Low,No,1
45,Male,22.5,120.0,134.0,279.0,5.5,High,No,0
36,Male,21.5,124.0,144.0,,5.9,Medium,No,0
65,Male,27.6,160.0,167.0,176.0,5.9,Low,Yes,1
53,Female,22.5,149.0,139.0,98.0,5.3,Low,No,1
38,Male,30.3,143.0,141.0,150.0,5.8,Medium,Yes,1
42,Female,24.9,126.0,143.0,105.0,5.6,Medium,No,1
21,Male,24.7,146.0,140.0,121.0,6.3,Medium,Yes,1
51,Female,21.6,118.0,131.0,73.0,4.8,Medium,No,0
59,Female,27.2,140.0,141.0,102.0,5.8,Low,No,1
33,Female,22.6,144.0,156.0,124.0,6.4,Medium,Yes,1
37,Female,26.6,162.0,126.0,189.0,6.1,High,No,1
72,Male,21.7,117.0,139.0,97.0,5.2,Medium,No,0
37,Male,23.0,163.0,132.0,129.0,5.4,Low,No,1
25,Female,23.8,127.0,118.0,139.0,4.3,Low,No,1
49,Female,27.5,151.0,150.0,149.0,6.0,Medium,Yes,1
46,Male,24.6,121.0,153.0,146.0,6.0,High,No,0
67,Female,27.7,156.0,152.0,,6.3,Low,Yes,1
60,Female,30.6,136.0,165.0,194.0,,Medium,No,1
35,Male,17.0,123.0,134.0,103.0,5.4,High,No,0
35,Male,24.1,122.0,142.0,152.0,5.5,Medium,Yes,1
37,Male,26.7,133.0,147.0,168.0,5.0,Medium,Yes,1
39,Male,28.5,139.0,137.0,,5.9,Medium,Yes,1
67,Female,23.7,141.0,156.0,94.0,5.1,Medium,Yes,1
37,Male,22.2,113.0,127.0,83.0,5.0,High,No,0
49,Female,29.1,148.0,137.0,80.0,5.9,Low,Yes,1
54,Male,25.4,131.0,145.0,126.0,5.4,Low,No,1
26,Male,28.6,127.0,152.0,162.0,4.8,Medium,No,1
19,Female,20.2,119.0,113.0,164.0,5.5,High,Yes,1
45,Male,17.0,115.0,125.0,113.0,4.9,High,No,0
33,Male,31.1,125.0,150.0,190.0,5.1,High,No,0
55,Male,25.2,139.0,140.0,147.0,5.4,High,Yes,1
33,Female,28.3,146.0,128.0,53.0,6.2,Medium,Yes,1
30,Male,18.9,117.0,117.0,58.0,4.8,Low,No,0
84,Male,23.9,137.0,154.0,705.0,6.0,Low,Yes,1
54,Female,28.3,155.0,161.0,142.0,6.1,Low,No,1
65,Female,23.6,135.0,,126.0,5.4,Medium,No,1
34,Male,17.5,124.0,121.0,104.0,5.5,Low,No,0
62,Female,25.9,128.0,157.0,139.0,5.8,High,Yes,1
41,Female,25.7,167.0,131.0,155.0,6.9,Low,Yes,1
41,Male,22.3,122.0,123.0,138.0,5.2,Medium,Yes,1
52,Male,24.0,133.0,145.0,128.0,6.0,Medium,No,1
56,Female,25.9,137.0,165.0,171.0,5.2,Medium,Yes,1
52,Female,48.8,145.0,150.0,138.0,6.1,High,Yes,1
63,Male,39.7,145.0,158.0,,6.0,Medium,Yes,1
33,Male,22.8,127.0,136.0,166.0,5.5,Low,No,1
49,Female,23.4,137.0,,92.0,5.4,Medium,No,1
52,Female,24.9,122.0,153.0,91.0,5.3,Medium,No,0
27,Female,27.3,97.0,142.0,132.0,5.4,Medium,No,0
77,Female,21.6,145.0,141.0,160.0,6.2,Medium,No,1
48,Male,24.8,149.0,135.0,213.0,6.2,Medium,Yes,1
43,Female,26.9,114.0,134.0,136.0,5.2,High,Yes,1
40,Female,23.1,134.0,,,5.8,Medium,No,1
46,Male,26.1,117.0,138.0,95.0,5.0,High,No,0
50,Female,28.8,,157.0,127.0,5.8,High,No,0
65,Male,28.8,157.0,152.0,141.0,5.7,Low,Yes,1
53,Female,28.6,142.0,146.0,101.0,5.7,Low,Yes,1
33,Male,21.4,135.0,112.0,190.0,5.3,Medium,No,1
34,Male,27.9,94.0,142.0,165.0,4.4,Medium,No,0
72,Male,30.6,175.0,144.0,,6.4,Low,No,1
41,Male,27.2,156.0,125.0,187.0,5.6,Low,No,1
55,Female,25.9,143.0,150.0,107.0,5.0,Low,No,1
28,Male,18.9,117.0,157.0,266.0,4.5,Medium,No,0
70,Female,31.6,152.0,165.0,141.0,5.6,Medium,No,1
61,Female,29.8,127.0,153.0,178.0,5.3,High,No,1
33,Female,28.9,125.0,74.0,143.0,6.0,Medium,No,0
58,Male,32.1,147.0,161.0,151.0,6.3,High,No,1
32,Female,25.6,121.0,131.0,106.0,5.3,Medium,No,0
33,Male,28.4,146.0,130.0,163.0,5.9,Medium,No,1
24,Male,28.6,149.0,118.0,192.0,5.6,Low,No,1
70,Male,19.8,122.0,173.0,153.0,4.2,Medium,No,0
52,Female,28.5,153.0,160.0,164.0,5.8,Low,No,1
24,Female,22.4,142.0,104.0,116.0,5.9,Low,,1
57,Female,26.0,113.0,140.0,143.0,5.1,Medium,No,0
54,Male,22.0,127.0,128.0,121.0,4.8,Medium,No,1
57,Male,29.2,136.0,157.0,167.0,5.8,High,Yes,1
27,Male,21.2,78.0,114.0,39.0,4.6,High,No,0
37,Female,21.1,107.0,143.0,78.0,4.4,High,No,0
61,Male,20.4,,154.0,70.0,5.8,Low,Yes,0
58,Female,29.4,145.0,151.0,202.0,6.0,Medium,No,1
39,Female,26.5,139.0,128.0,74.0,5.7,Medium,No,1
40,Male,17.0,131.0,139.0,153.0,5.3,High,No,1
58,Female,26.4,128.0,142.0,132.0,5.7,Medium,No,1
49,Female,24.8,128.0,147.0,133.0,5.7,Medium,No,1
34,Male,24.9,146.0,138.0,104.0,5.7,,No,1
54,Female,23.0,152.0,125.0,219.0,5.4,Low,Yes,1
32,Male,25.6,135.0,150.0,110.0,5.5,High,Yes,1
59,Female,19.3,165.0,128.0,150.0,5.7,Low,Yes,1
52,Female,25.1,127.0,155.0,106.0,5.4,Medium,Yes,1
45,Male,26.6,146.0,145.0,144.0,6.0,Medium,No,1
66,Female,,47.0,138.0,135.0,6.2,High,Yes,0
45,Male,25.6,177.0,155.0,168.0,6.3,Medium,Yes,1
42,Female,28.8,112.0,142.0,113.0,5.5,Medium,No,0
47,Female,28.1,142.0,149.0,182.0,5.9,Medium,No,1
68,Female,30.2,179.0,150.0,159.0,6.2,Low,No,1
43,Male,29.1,148.0,,179.0,5.4,Medium,No,1
39,Female,18.0,140.0,137.0,103.0,5.3,Low,Yes,1
42,Female,,147.0,119.0,100.0,5.3,Medium,Yes,1
46,Male,26.4,125.0,131.0,144.0,5.3,Medium,No,0
46,Female,18.9,107.0,152.0,94.0,4.6,High,,0
48,Male,26.4,118.0,135.0,107.0,5.4,High,No,0
49,Male,34.5,175.0,138.0,166.0,5.8,Low,Yes,1
36,Female,27.4,123.0,126.0,110.0,5.2,Low,No,0
72,Male,28.2,173.0,160.0,104.0,6.1,Medium,No,1
41,Female,20.4,82.0,154.0,99.0,4.3,High,Yes,0
36,Female,29.0,172.0,149.0,154.0,,,Yes,1
19,Female,30.3,115.0,126.0,160.0,5.3,Low,No,0
50,Female,21.8,118.0,151.0,87.0,5.8,Medium,No,0
38,Male,19.0,102.0,120.0,106.0,4.7,High,No,0
34,Female,29.5,132.0,131.0,179.0,5.5,Medium,No,1
36,Male,24.2,123.0,130.0,136.0,5.1,Medium,No,0
43,Female,36.9,120.0,154.0,146.0,5.7,High,No,1
37,Female,25.1,130.0,125.0,135.0,5.6,Medium,,1
61,Male,34.3,134.0,147.0,139.0,6.3,Medium,No,1
47,Female,26.9,127.0,146.0,123.0,5.5,,No,1
50,Male,47.4,144.0,131.0,182.0,6.0,High,Yes,1
71,Female,21.6,167.0,140.0,96.0,5.9,Low,Yes,1
34,Male,24.8,126.0,127.0,106.0,5.0,Low,No,1
52,Male,23.0,132.0,133.0,128.0,5.5,Medium,No,1
18,Female,26.9,144.0,136.0,83.0,5.5,Medium,Yes,1
68,Female,32.7,136.0,161.0,155.0,4.8,High,Yes,1
37,Female,25.2,134.0,118.0,102.0,5.5,Medium,No,1
42,Female,26.6,138.0,129.0,140.0,5.2,Medium,No,1
18,Male,29.5,132.0,144.0,155.0,6.1,Medium,No,1
50,Female,31.2,144.0,152.0,99.0,5.8,Medium,Yes,1
43,Female,25.6,114.0,161.0,107.0,5.2,High,No,0
40,Male,22.3,144.0,139.0,138.0,6.0,Medium,Yes,1
57,Male,26.4,118.0,142.0,102.0,4.8,Medium,No,0
50,Female,31.1,135.0,145.0,129.0,5.5,Medium,No,1
60,Female,24.3,129.0,148.0,125.0,5.8,High,No,1
64,Female,25.8,134.0,155.0,203.0,5.3,Low,No,1
44,Male,17.0,,114.0,132.0,5.4,Medium,Yes,0
47,Female,24.0,134.0,154.0,122.0,5.6,Medium,No,1
38,Male,25.8,,131.0,126.0,5.6,Medium,Yes,0
53,Female,20.2,126.0,155.0,733.0,5.0,Low,No,1
67,Female,28.2,138.0,155.0,158.0,5.0,Low,Yes,1
18,Male,24.7,132.0,121.0,89.0,5.3,Low,Yes,1
70,Male,24.6,167.0,159.0,116.0,6.1,Medium,Yes,1
27,Female,33.8,138.0,140.0,137.0,5.7,Medium,Yes,1
58,Male,27.0,159.0,138.0,108.0,6.3,Medium,No,1
44,Male,31.9,142.0,153.0,162.0,5.8,Low,Yes,1
51,Male,23.7,135.0,87.0,168.0,4.9,Medium,Yes,1
46,Male,21.4,125.0,136.0,164.0,4.8,Medium,No,0
70,Male,26.3,165.0,147.0,180.0,6.3,Medium,No,1
44,Male,27.2,147.0,,112.0,5.5,Medium,No,1
77,Male,27.1,55.0,158.0,107.0,5.6,Medium,No,0
18,Female,24.4,121.0,116.0,154.0,4.5,Low,Yes,1
43,Male,20.1,126.0,139.0,92.0,5.2,High,Yes,1
47,Male,22.9,116.0,135.0,75.0,4.7,Low,No,0
44,Female,20.8,128.0,147.0,124.0,5.1,High,No,1
61,Female,26.0,132.0,139.0,164.0,5.0,High,Yes,1
63,Male,30.9,121.0,144.0,119.0,5.5,High,No,1
48,Female,20.2,160.0,142.0,116.0,6.0,Low,Yes,1
55,Female,23.7,142.0,134.0,129.0,5.2,Medium,No,1
37,Female,24.1,161.0,129.0,177.0,5.7,Low,No,1
57,Female,29.5,147.0,135.0,188.0,5.7,Medium,Yes,1
38,Female,18.1,138.0,132.0,132.0,5.4,Medium,No,1
20,Male,25.7,144.0,120.0,126.0,5.6,Low,No,1
61,Male,17.1,135.0,160.0,38.0,5.7,Low,No,1
70,Male,24.6,154.0,139.0,137.0,5.1,Low,No,1
59,Male,31.2,138.0,148.0,147.0,5.5,Medium,No,1
45,Female,25.4,129.0,122.0,125.0,5.2,Low,Yes,1
63,Female,27.9,134.0,161.0,95.0,5.2,Medium,Yes,1
37,Male,17.0,150.0,123.0,163.0,4.7,Medium,No,1
54,Male,24.9,115.0,149.0,119.0,5.3,High,Yes,1
18,Male,21.7,117.0,136.0,139.0,5.1,Medium,No,0
60,Female,28.8,162.0,155.0,119.0,5.9,Low,No,1
24,Female,18.5,124.0,139.0,115.0,5.5,High,Yes,1
53,Female,28.3,156.0,158.0,161.0,5.5,Medium,Yes,1
81,Male,23.4,145.0,165.0,120.0,5.1,Medium,Yes,1
30,Male,23.5,139.0,136.0,140.0,5.8,Medium,No,1
35,Male,20.7,139.0,,102.0,5.8,Medium,No,1
36,Male,31.8,146.0,129.0,164.0,5.8,Low,Yes,1
69,Male,29.7,156.0,160.0,177.0,5.8,Low,No,1
72,Female,30.0,153.0,151.0,172.0,5.7,Medium,No,1
54,Male,19.6,152.0,144.0,86.0,5.8,Low,No,1
27,Male,17.2,115.0,121.0,120.0,5.4,Medium,No,0
56,Female,32.0,185.0,146.0,121.0,6.6,Low,Yes,1
50,Male,18.7,125.0,131.0,123.0,5.7,Medium,Yes,1
49,Female,30.9,152.0,135.0,189.0,5.8,Low,Yes,1
52,Male,24.7,151.0,134.0,217.0,6.1,Medium,No,1
38,Female,20.9,141.0,133.0,136.0,5.7,Medium,Yes,1
68,Male,29.5,174.0,162.0,162.0,6.2,Low,No,1
18,Female,20.9,106.0,127.0,126.0,5.1,High,No,0
66,Female,24.6,146.0,159.0,81.0,5.4,High,Yes,1
70,Female,23.8,306.0,169.0,150.0,5.6,High,No,1
55,Male,17.0,125.0,128.0,,4.7,High,No,0
43,Male,18.6,139.0,129.0,112.0,5.8,Medium,No,1
58,Female,24.4,144.0,154.0,146.0,6.4,Low,No,1
18,Female,28.0,126.0,127.0,140.0,5.5,Medium,Yes,1
50,Female,24.4,,129.0,121.0,5.5,Medium,Yes,0
41,Male,25.4,167.0,,172.0,5.8,Medium,Yes,1
32,Male,21.9,130.0,125.0,105.0,5.3,Low,No,1
38,Female,26.2,140.0,92.0,114.0,5.4,Medium,No,1
42,Female,27.8,138.0,143.0,,5.5,Low,No,1
64,Female,24.4,140.0,158.0,116.0,5.6,Medium,No,1
45,Male,27.0,141.0,146.0,149.0,5.7,Low,No,1
40,Male,24.6,147.0,176.0,,5.6,Low,No,1
40,Female,23.9,132.0,156.0,,5.3,Low,No,1
47,Male,22.9,125.0,145.0,97.0,5.8,Low,No,0
44,Female,20.5,126.0,124.0,87.0,4.9,Medium,Yes,1
68,Female,,135.0,156.0,169.0,5.3,Medium,No,1
31,Female,28.3,145.0,129.0,208.0,5.8,Medium,Yes,1
63,Male,31.3,171.0,167.0,131.0,5.7,Low,No,1
54,Female,23.4,144.0,,152.0,5.7,High,No,1
54,Female,27.3,146.0,160.0,116.0,5.7,Low,No,1
39,Female,30.7,138.0,133.0,156.0,5.9,Medium,No,1
34,Female,17.0,106.0,123.0,15.0,4.7,High,No,0
43,Female,22.0,145.0,139.0,114.0,5.9,Medium,Yes,1
42,Male,24.1,167.0,126.0,154.0,6.0,Low,Yes,1
82,Male,27.9,139.0,164.0,110.0,5.9,,No,1
56,Female,27.3,150.0,136.0,204.0,5.6,Medium,No,1
35,Female,20.6,125.0,132.0,107.0,5.5,Medium,No,0
85,Male,25.2,155.0,172.0,85.0,5.5,High,Yes,1
71,Male,25.6,149.0,150.0,149.0,5.9,Low,No,1
24,Female,19.8,128.0,125.0,110.0,5.4,Low,No,1
35,Male,28.9,136.0,125.0,95.0,5.6,Low,No,1
54,Male,18.7,135.0,144.0,119.0,4.9,Low,No,1
58,Male,22.0,143.0,135.0,133.0,5.3,Medium,No,1
48,Male,21.6,109.0,140.0,160.0,5.1,Medium,No,0
56,Female,20.1,126.0,148.0,131.0,5.1,Medium,No,1
55,Female,27.5,113.0,150.0,,5.8,Medium,No,0
59,Male,23.7,144.0,170.0,195.0,5.5,High,No,1
39,Male,23.0,148.0,122.0,146.0,5.5,High,Yes,1
38,Male,21.5,125.0,134.0,112.0,4.8,Medium,Yes,1
37,Male,49.4,168.0,142.0,99.0,5.5,Low,No,1
52,Male,17.0,141.0,175.0,88.0,5.7,Low,Yes,1
56,Male,29.0,125.0,152.0,130.0,4.7,High,No,0
50,Male,26.0,120.0,129.0,63.0,5.4,Medium,No,0
85,Male,17.0,133.0,173.0,130.0,5.8,Medium,No,1
41,Male,24.1,137.0,125.0,,5.7,Medium,No,1
22,Male,23.4,131.0,137.0,115.0,5.4,Medium,No,1
73,Female,26.1,126.0,148.0,162.0,5.5,Medium,No,1
45,Male,25.9,139.0,146.0,157.0,,Low,No,1
65,Male,29.9,165.0,130.0,186.0,6.7,High,No,1
62,Female,26.8,142.0,147.0,125.0,,Low,Yes,1
47,Male,20.5,114.0,130.0,136.0,4.8,High,No,0
53,Male,20.9,136.0,157.0,161.0,5.9,Medium,No,1
35,Female,22.9,99.0,142.0,142.0,5.1,High,Yes,0
58,Male,27.7,174.0,145.0,104.0,6.0,Medium,No,1
70,Female,31.1,148.0,169.0,209.0,6.0,,Yes,1
52,Male,28.2,125.0,161.0,175.0,5.1,High,No,0
56,Male,23.2,156.0,165.0,82.0,6.3,Low,Yes,1
38,Male,26.8,138.0,152.0,95.0,5.6,Low,No,1
61,Female,32.3,143.0,136.0,197.0,5.9,Low,No,1
31,Female,35.6,180.0,133.0,148.0,6.7,Low,Yes,1
53,Male,17.4,127.0,145.0,108.0,5.6,High,No,1
24,Male,30.0,154.0,139.0,197.0,6.9,Medium,Yes,1
47,Male,23.2,144.0,81.0,81.0,5.5,Low,No,1
67,Female,26.4,92.0,162.0,158.0,5.4,Medium,No,0
48,Female,24.8,140.0,133.0,383.0,6.1,Low,No,1
63,Female,25.5,144.0,160.0,188.0,5.4,Medium,No,1
62,Female,30.2,149.0,153.0,157.0,5.9,Medium,No,1
66,Male,24.1,164.0,165.0,99.0,6.3,Medium,No,1
52,Male,24.0,127.0,136.0,118.0,5.8,Medium,No,1
85,Male,28.8,135.0,143.0,181.0,5.6,Low,No,1
26,Male,27.0,150.0,123.0,138.0,5.5,Medium,No,1
59,Female,31.5,138.0,202.0,,5.4,High,Yes,1
85,Female,21.4,132.0,155.0,202.0,4.8,,No,1
42,Female,29.0,130.0,135.0,116.0,5.8,Medium,No,1
41,Female,29.7,152.0,164.0,170.0,5.8,Medium,No,1
22,Female,21.8,109.0,132.0,124.0,4.7,High,Yes,0
25,Male,25.8,119.0,128.0,,5.4,High,Yes,1
66,Male,26.6,123.0,151.0,108.0,5.1,High,No,0
26,Female,27.7,139.0,146.0,117.0,6.2,High,Yes,1
20,Male,20.4,124.0,119.0,76.0,5.4,High,Yes,1
55,Male,28.4,153.0,124.0,98.0,5.5,Low,Yes,1
54,Female,22.3,163.0,210.0,114.0,6.2,Low,No,1
62,Female,19.4,133.0,158.0,128.0,4.8,Low,No,1
39,Male,26.5,100.0,124.0,140.0,4.9,Medium,No,0
48,Female,27.0,135.0,124.0,147.0,6.3,Low,No,1
18,Male,26.0,131.0,133.0,211.0,5.5,Low,No,1
31,Male,18.4,134.0,146.0,15.0,5.9,Medium,Yes,1
41,Female,26.1,105.0,127.0,131.0,5.9,High,No,0
69,Male,28.2,138.0,144.0,169.0,5.5,Low,Yes,1
74,Male,26.4,152.0,156.0,78.0,5.5,Low,No,1
48,Female,23.7,134.0,141.0,156.0,5.6,Medium,Yes,1
71,Female,19.7,113.0,153.0,109.0,5.4,Medium,No,0
48,Female,23.2,120.0,137.0,60.0,5.6,Medium,No,0
58,Male,22.0,128.0,147.0,97.0,4.7,Medium,Yes,1
38,Male,23.1,122.0,129.0,136.0,5.1,Low,No,0
47,Male,23.5,116.0,155.0,125.0,5.2,High,No,0
51,Female,26.1,151.0,161.0,175.0,3.8,Medium,Yes,1
53,Female,21.9,135.0,151.0,,5.6,Low,No,1
45,Male,26.3,137.0,146.0,106.0,5.9,Low,No,1
46,Male,34.4,140.0,138.0,205.0,5.6,Low,No,1
69,Female,,155.0,148.0,127.0,5.6,Low,No,1
61,Female,23.0,166.0,134.0,123.0,5.9,Medium,Yes,1
66,Male,24.3,139.0,157.0,174.0,5.2,Medium,No,1
34,Female,22.7,149.0,,155.0,5.3,Low,No,1
25,Male,,102.0,133.0,134.0,5.2,Medium,No,0
55,Female,31.7,163.0,156.0,152.0,5.4,Low,No,1
48,Female,29.9,168.0,128.0,166.0,6.1,Low,No,1
50,Male,23.3,,151.0,199.0,5.1,Low,No,0
51,Male,26.9,139.0,163.0,139.0,5.7,Medium,No,1
64,Male,22.7,138.0,151.0,120.0,6.0,Medium,No,1
70,Male,28.0,141.0,164.0,123.0,5.4,Medium,Yes,1
78,Female,19.5,142.0,155.0,122.0,5.4,Low,Yes,1
34,Female,25.5,144.0,146.0,119.0,5.9,Medium,Yes,1
48,Female,34.2,137.0,152.0,153.0,6.0,High,No,1
70,Female,22.6,149.0,161.0,169.0,6.0,Medium,No,1
56,Male,25.8,144.0,155.0,201.0,4.9,Medium,Yes,1
50,Female,23.3,,141.0,132.0,5.5,Medium,,0
60,Male,26.6,138.0,163.0,168.0,5.3,High,No,1
18,Male,26.4,136.0,149.0,,5.6,High,No,1
61,Female,22.7,132.0,144.0,120.0,5.7,Low,No,1
18,Male,25.3,109.0,,192.0,5.7,Medium,No,0
53,Female,26.0,136.0,135.0,81.0,5.8,Low,No,1
38,Female,24.6,135.0,141.0,141.0,5.6,High,No,1
62,Female,32.9,161.0,152.0,153.0,5.5,Medium,No,1
51,Male,34.7,147.0,152.0,145.0,6.9,Medium,Yes,1
64,Female,22.6,142.0,160.0,86.0,5.2,Medium,Yes,1
66,Female,22.3,148.0,145.0,161.0,5.4,Medium,No,1
56,Female,26.7,146.0,130.0,124.0,5.7,Low,No,1
71,Female,25.2,127.0,150.0,148.0,5.5,High,No,1
46,Female,27.0,98.0,151.0,148.0,4.6,High,No,0
45,Male,27.6,125.0,134.0,149.0,5.3,Low,No,0
57,Male,24.3,146.0,146.0,179.0,5.6,Low,No,1
71,Female,19.2,133.0,,137.0,5.5,Medium,No,1
56,Female,24.7,161.0,156.0,176.0,5.8,Low,Yes,1
54,Female,25.7,148.0,186.0,136.0,6.2,Low,No,1
70,Female,28.2,156.0,150.0,134.0,5.9,Medium,,1
46,Male,23.3,106.0,162.0,47.0,5.1,High,No,0
82,Male,50.8,152.0,150.0,320.0,5.9,Low,No,1
53,Male,23.2,145.0,148.0,129.0,5.3,Low,No,1
56,Female,18.2,134.0,158.0,81.0,4.9,Medium,Yes,1
32,Male,23.4,132.0,133.0,105.0,5.3,Medium,No,1
34,Female,19.6,126.0,127.0,136.0,4.7,Medium,Yes,1
42,Male,30.0,144.0,138.0,135.0,5.9,Low,,1
54,Female,39.4,125.0,148.0,180.0,5.9,High,Yes,1
68,Female,27.3,136.0,153.0,96.0,5.3,High,No,1
55,Female,23.9,146.0,160.0,158.0,5.9,Low,Yes,1
64,Male,19.4,128.0,145.0,107.0,5.5,Medium,Yes,1
58,Female,26.6,123.0,153.0,93.0,5.8,High,Yes,1
36,Male,23.7,140.0,125.0,108.0,5.5,Low,No,1
69,Female,23.1,155.0,157.0,119.0,5.2,Medium,No,1
69,Male,20.9,130.0,134.0,108.0,5.7,Medium,No,1
75,Female,25.3,144.0,151.0,178.0,5.5,High,Yes,1
59,Female,25.3,168.0,149.0,183.0,5.8,Low,No,1
51,Female,27.1,134.0,152.0,153.0,5.3,Low,Yes,1
52,Male,19.9,123.0,152.0,100.0,5.3,High,Yes,1
42,Male,,151.0,153.0,141.0,5.9,Medium,Yes,1
27,Female,47.1,148.0,147.0,129.0,6.2,Medium,Yes,1
39,Female,32.9,164.0,135.0,180.0,6.2,Low,No,1
51,Male,25.0,148.0,157.0,81.0,5.6,Medium,Yes,1
41,Female,30.0,153.0,147.0,76.0,5.3,Medium,Yes,1
41,Female,25.0,136.0,124.0,151.0,5.2,Medium,No,1
56,Female,19.9,109.0,144.0,102.0,5.2,High,No,0
55,Male,31.2,162.0,149.0,188.0,5.5,Low,Yes,1
46,Female,28.9,134.0,124.0,133.0,6.0,Medium,No,1
39,Male,23.5,130.0,147.0,100.0,5.3,Medium,Yes,1
40,Female,23.4,134.0,148.0,68.0,4.9,Medium,Yes,1
18,Male,23.4,114.0,122.0,164.0,4.7,High,No,0
47,Female,20.6,119.0,130.0,105.0,5.7,High,No,0
43,Male,24.5,128.0,136.0,95.0,5.8,Medium,No,1
48,Male,24.1,117.0,150.0,76.0,5.4,Low,No,0
75,Male,23.2,148.0,164.0,87.0,5.9,Medium,No,1
45,Male,21.3,119.0,107.0,149.0,5.1,Medium,No,0
47,Male,25.5,147.0,140.0,183.0,5.4,Medium,No,1
37,Female,32.9,133.0,124.0,162.0,6.0,Medium,No,1
37,Male,28.9,,133.0,154.0,5.6,Medium,No,0
55,Female,22.3,130.0,163.0,173.0,5.2,High,Yes,1
59,Female,22.8,155.0,150.0,118.0,,Low,Yes,1
54,Male,27.6,111.0,151.0,130.0,5.2,High,No,0
85,Female,28.1,110.0,156.0,114.0,5.1,High,No,0
28,Female,19.1,99.0,120.0,88.0,4.7,High,No,0
43,Female,22.4,130.0,150.0,172.0,5.4,Medium,No,1
49,Female,23.3,168.0,141.0,,6.5,Medium,Yes,1
36,Female,23.0,133.0,129.0,154.0,5.4,Medium,Yes,1
50,Male,24.9,127.0,144.0,110.0,5.4,High,No,1
33,Female,25.0,108.0,125.0,,4.9,High,No,0
41,Female,24.0,151.0,167.0,180.0,14.7,Low,No,1
35,Female,32.8,160.0,150.0,197.0,6.4,Medium,No,1
35,Female,25.1,129.0,134.0,163.0,5.2,Medium,No,1
35,Male,,165.0,119.0,200.0,6.7,Low,No,1
63,Male,22.8,127.0,148.0,103.0,5.2,Medium,No,1
46,Male,26.0,117.0,154.0,78.0,5.3,High,Yes,1
38,Female,20.2,118.0,137.0,102.0,5.2,Low,No,0
36,Female,22.4,134.0,125.0,113.0,5.4,Medium,No,1
40,Male,20.6,132.0,153.0,124.0,6.2,Medium,No,1
51,Male,27.9,136.0,148.0,105.0,5.6,Medium,Yes,1
48,Male,23.3,162.0,137.0,128.0,5.9,Medium,Yes,1
44,Male,20.9,135.0,139.0,125.0,4.9,Low,Yes,1
65,Female,,154.0,144.0,141.0,5.7,Medium,,1
49,Female,26.3,160.0,131.0,103.0,6.0,Low,No,1
43,Male,27.8,175.0,130.0,180.0,6.5,Low,Yes,1
63,Male,23.0,115.0,130.0,112.0,5.1,High,Yes,1
60,Female,25.1,146.0,135.0,173.0,5.6,Medium,No,1
75,Female,48.0,177.0,156.0,174.0,6.5,Medium,Yes,1
29,Male,42.9,139.0,119.0,123.0,5.2,Medium,No,1
55,Male,23.5,157.0,152.0,120.0,6.0,,No,1
47,Male,24.2,100.0,144.0,96.0,5.5,High,No,0
30,Male,25.5,157.0,142.0,,5.5,Low,Yes,1
47,Female,21.9,135.0,139.0,102.0,5.3,Medium,Yes,1
53,Female,21.9,145.0,155.0,147.0,5.3,Medium,No,1
43,Female,24.6,,132.0,155.0,5.4,Low,Yes,0
25,Female,20.9,142.0,,574.0,6.0,Low,No,1
77,Female,26.5,131.0,151.0,125.0,4.8,Medium,No,1
55,Female,30.7,125.0,170.0,89.0,5.7,High,No,1
41,Female,24.2,154.0,144.0,80.0,6.3,Medium,Yes,1
34,Male,29.4,143.0,155.0,59.0,5.1,High,,1
50,Female,30.3,166.0,154.0,122.0,6.2,Low,Yes,1
46,Male,25.6,157.0,147.0,154.0,6.4,Low,Yes,1
39,Male,28.8,111.0,133.0,86.0,4.9,High,Yes,1
41,Female,29.6,,144.0,107.0,5.7,Medium,No,0
52,Female,28.5,136.0,148.0,,5.9,Medium,Yes,1
65,Male,24.2,137.0,132.0,127.0,5.6,High,No,1
54,Male,21.3,132.0,129.0,92.0,5.2,Medium,No,1
42,Female,28.3,135.0,125.0,117.0,5.7,Low,Yes,1
52,Female,,136.0,147.0,105.0,5.5,Medium,No,1
66,Female,27.1,167.0,150.0,110.0,6.3,Low,Yes,1
30,Male,37.0,138.0,156.0,116.0,5.6,Medium,Yes,1
43,Female,27.2,161.0,130.0,142.0,9.3,,No,1
28,Female,33.0,141.0,127.0,165.0,6.1,Medium,No,1
49,Male,33.2,141.0,132.0,161.0,5.9,High,Yes,1
55,Female,18.7,134.0,156.0,71.0,5.4,Medium,No,1
48,Female,23.4,138.0,143.0,67.0,5.5,High,Yes,1
46,Female,,128.0,134.0,146.0,5.6,High,No,1
74,Female,23.2,141.0,156.0,166.0,5.4,Medium,Yes,1
61,Male,24.9,135.0,145.0,164.0,5.6,Medium,No,1
45,Male,28.6,128.0,122.0,83.0,5.5,High,No,1
46,Male,28.3,128.0,143.0,138.0,5.5,Low,No,1
18,Female,,157.0,134.0,105.0,6.3,Low,Yes,1
39,Male,24.7,130.0,140.0,142.0,5.4,Medium,No,1
45,Male,30.7,163.0,143.0,159.0,5.7,Low,Yes,1
55,Male,23.2,163.0,153.0,108.0,,Low,Yes,1
33,Female,22.8,106.0,144.0,164.0,5.2,High,No,0
59,Female,26.8,157.0,140.0,153.0,6.0,Medium,Yes,1
36,Female,25.8,140.0,134.0,105.0,5.9,High,Yes,1
60,Male,25.3,118.0,159.0,100.0,5.3,High,No,0
50,Female,38.3,161.0,159.0,189.0,6.9,Low,No,1
58,Female,26.6,143.0,,114.0,6.3,Low,No,1
43,Male,24.5,142.0,142.0,,5.8,High,Yes,1
78,Female,27.6,173.0,151.0,154.0,6.3,Medium,No,1
34,Female,25.5,153.0,137.0,152.0,6.0,Medium,No,1
41,Male,29.5,122.0,131.0,,5.0,Medium,Yes,1
57,Female,20.6,129.0,141.0,110.0,5.4,Low,No,1
32,Male,22.1,108.0,152.0,143.0,5.3,High,Yes,0
40,Female,29.7,172.0,122.0,169.0,6.4,Medium,No,1
18,Female,25.0,126.0,128.0,51.0,5.2,Medium,No,1
52,Male,24.7,101.0,150.0,100.0,4.4,High,No,0
57,Male,29.1,150.0,160.0,212.0,5.8,Medium,No,1
44,Female,22.8,142.0,137.0,125.0,6.4,Low,Yes,1
51,Male,21.6,305.0,152.0,81.0,5.7,High,No,1
48,Male,23.2,139.0,146.0,153.0,,High,No,1
61,Female,34.8,182.0,143.0,214.0,7.5,Low,No,1
68,Male,24.2,155.0,169.0,129.0,5.3,Low,Yes,1
52,Female,30.0,155.0,167.0,322.0,6.3,Low,No,1
54,Female,33.4,156.0,144.0,151.0,5.8,Low,No,1
24,Female,27.6,123.0,115.0,121.0,5.0,Medium,No,0
21,Male,26.0,114.0,146.0,141.0,4.4,Low,Yes,1
69,Female,24.7,140.0,161.0,64.0,5.5,,Yes,1
18,Male,22.4,,122.0,119.0,5.4,,Yes,0
48,Male,18.3,103.0,143.0,127.0,4.9,Medium,No,0
48,Male,17.0,114.0,128.0,100.0,5.8,Medium,No,0
41,Male,21.2,274.0,105.0,56.0,5.6,High,No,1
49,Male,22.5,128.0,145.0,152.0,6.1,Medium,Yes,1
35,Male,17.0,109.0,125.0,60.0,4.5,High,No,0
21,Female,29.5,149.0,139.0,135.0,5.9,Low,Yes,1
37,Female,22.5,109.0,132.0,194.0,4.4,Medium,No,0
60,Male,34.4,151.0,150.0,191.0,5.9,Medium,Yes,1
53,Female,17.0,131.0,161.0,56.0,5.0,Low,No,1
73,Male,25.3,148.0,161.0,95.0,5.4,Medium,No,1
44,Female,,129.0,157.0,155.0,4.7,High,No,1
50,Female,24.8,157.0,148.0,95.0,6.0,Low,Yes,1
34,Female,25.2,127.0,133.0,164.0,4.8,Medium,No,1
39,Male,29.8,146.0,134.0,140.0,5.9,Low,No,1
54,Male,25.1,135.0,131.0,113.0,5.4,Medium,No,1
66,Male,29.3,162.0,148.0,,7.0,Low,Yes,1
40,Female,25.9,147.0,139.0,184.0,5.9,Low,Yes,1
48,Male,26.2,153.0,147.0,103.0,5.6,Medium,Yes,1
79,Male,23.8,132.0,162.0,122.0,4.8,High,Yes,1
31,Male,,134.0,135.0,28.0,6.0,Medium,Yes,1
42,Female,35.4,149.0,149.0,157.0,6.0,High,No,1
25,Male,29.3,139.0,121.0,164.0,5.8,High,No,1
59,Female,23.7,149.0,164.0,111.0,5.6,Low,No,1
32,Female,27.4,133.0,150.0,160.0,5.9,Low,No,1
68,Male,28.1,116.0,142.0,120.0,5.3,Medium,No,0
52,Female,23.3,140.0,120.0,144.0,5.4,Medium,No,1
41,Female,26.7,142.0,132.0,125.0,6.0,High,Yes,1
22,Female,25.9,140.0,122.0,137.0,,Low,Yes,1
23,Male,28.6,130.0,130.0,104.0,5.0,Medium,Yes,1
67,Male,30.5,159.0,153.0,,6.3,Medium,Yes,1
25,Female,23.8,130.0,172.0,143.0,,Medium,Yes,1
78,Female,28.4,152.0,154.0,202.0,6.1,Low,No,1
52,Female,22.6,131.0,156.0,137.0,5.2,Medium,No,1
68,Male,26.5,144.0,167.0,134.0,5.2,Medium,No,1
32,Female,27.4,106.0,143.0,111.0,4.6,High,No,0
21,Female,20.7,101.0,115.0,,4.5,High,Yes,0
41,Female,26.0,112.0,138.0,,4.9,Medium,No,0
62,Female,25.2,146.0,139.0,137.0,5.8,Low,No,1
18,Female,25.2,110.0,129.0,33.0,5.3,Medium,No,0
38,Female,24.4,142.0,148.0,127.0,5.8,High,No,1
75,Female,25.9,157.0,170.0,132.0,5.9,Medium,Yes,1
70,Male,26.0,110.0,152.0,155.0,4.6,High,Yes,1
61,Male,17.0,123.0,130.0,100.0,4.8,Medium,No,0
72,Male,23.7,122.0,148.0,159.0,5.9,High,No,0
18,Male,23.6,146.0,138.0,147.0,6.1,Low,Yes,1
46,Female,22.7,159.0,134.0,147.0,5.8,Medium,No,1
62,Male,,150.0,167.0,199.0,5.7,Medium,No,1
44,Female,22.8,127.0,147.0,58.0,5.3,Low,Yes,1
82,Male,24.4,130.0,180.0,155.0,5.0,Medium,No,1
24,Male,25.8,114.0,85.0,103.0,5.1,Low,Yes,1
44,Female,25.7,154.0,144.0,,5.2,Medium,No,1
24,Female,24.3,134.0,133.0,70.0,5.8,Medium,No,1
31,Female,34.8,136.0,128.0,138.0,6.0,High,Yes,1
46,Male,20.4,122.0,126.0,,4.6,Medium,Yes,1
29,Male,27.2,120.0,138.0,106.0,4.9,Medium,No,0
30,Female,22.9,118.0,,114.0,5.4,Medium,No,0
72,Male,27.2,143.0,154.0,163.0,5.5,Medium,No,1
56,Male,33.5,145.0,149.0,142.0,6.0,Medium,No,1
53,Female,26.2,123.0,148.0,,5.1,High,Yes,1
51,Male,28.3,156.0,127.0,170.0,6.6,Medium,Yes,1
49,Male,17.0,112.0,151.0,101.0,5.4,Low,No,0
36,Male,21.1,94.0,129.0,124.0,4.8,High,,0
47,Female,18.4,153.0,141.0,121.0,5.0,Low,Yes,1
57,Female,26.7,207.0,131.0,208.0,6.0,Low,Yes,1
52,Male,27.3,151.0,156.0,113.0,5.6,High,Yes,1
62,Male,26.3,174.0,160.0,155.0,5.6,Low,Yes,1
29,Female,24.8,117.0,123.0,143.0,5.3,Medium,Yes,1
56,Male,24.5,106.0,148.0,161.0,5.4,High,No,0
36,Male,34.7,137.0,141.0,164.0,5.0,Medium,No,1
38,Female,26.9,141.0,152.0,120.0,5.4,High,Yes,1
61,Male,27.7,123.0,151.0,141.0,4.6,Medium,Yes,1
51,Male,26.9,143.0,146.0,92.0,5.4,Low,No,1
61,Female,28.0,128.0,164.0,109.0,4.5,High,No,1
32,Male,29.4,141.0,137.0,218.0,5.9,High,Yes,1
26,Male,18.9,110.0,104.0,140.0,4.9,Medium,Yes,1
38,Female,29.9,166.0,139.0,,6.1,Low,Yes,1
56,Female,26.6,120.0,161.0,133.0,5.5,Medium,No,0
42,Female,19.8,107.0,144.0,135.0,5.4,High,Yes,0
49,Female,27.0,158.0,142.0,135.0,5.7,Low,No,1
51,Male,29.4,125.0,148.0,,5.5,High,Yes,1
42,Male,30.1,130.0,134.0,159.0,5.4,Low,Yes,1
39,Male,28.3,142.0,129.0,210.0,6.3,Medium,No,1
58,Female,26.5,110.0,140.0,123.0,5.2,Low,No,0
45,Female,20.5,117.0,136.0,,5.2,High,Yes,1
85,Male,22.1,155.0,178.0,73.0,5.6,High,No,1
58,Female,26.2,145.0,137.0,96.0,5.6,Low,No,1
53,Male,22.8,119.0,146.0,109.0,5.1,Medium,No,0
36,Female,34.1,152.0,147.0,190.0,6.1,Medium,Yes,1
36,Male,23.9,140.0,129.0,137.0,5.6,Medium,Yes,1
36,Male,22.5,,151.0,76.0,4.5,Medium,Yes,0
57,Female,26.7,112.0,152.0,145.0,5.3,Medium,No,0
39,Female,29.6,132.0,132.0,153.0,5.6,Medium,No,1
65,Male,,144.0,152.0,186.0,,Medium,No,1
39,Female,22.0,120.0,139.0,77.0,4.4,High,No,0
27,Female,25.9,108.0,141.0,161.0,4.8,Low,No,0
63,Male,34.2,155.0,153.0,139.0,6.1,Medium,Yes,1
28,Male,26.6,128.0,134.0,62.0,5.7,High,No,1
38,Female,19.2,128.0,148.0,103.0,5.2,Low,Yes,1
67,Female,27.1,168.0,157.0,78.0,5.9,Low,Yes,1
34,Female,21.1,144.0,,142.0,5.9,Medium,Yes,1
38,Male,26.7,117.0,121.0,146.0,5.1,Low,No,0
43,Male,26.3,153.0,134.0,139.0,6.5,Low,No,1
59,Male,19.9,126.0,165.0,131.0,6.0,Medium,No,1
41,Male,25.3,136.0,138.0,134.0,5.8,High,No,1
53,Male,,112.0,132.0,98.0,6.0,High,No,0
31,Male,25.3,146.0,149.0,142.0,5.8,Low,No,1
60,Female,33.1,157.0,155.0,164.0,5.4,Medium,No,1
42,Male,25.4,154.0,144.0,,13.2,Medium,Yes,1
51,Male,30.2,139.0,146.0,,5.5,Medium,No,1
60,Female,25.4,152.0,132.0,100.0,5.7,Medium,Yes,1
71,Female,19.2,149.0,162.0,125.0,5.7,Medium,No,1
41,Female,21.4,132.0,133.0,120.0,5.5,High,Yes,1
81,Male,22.2,136.0,135.0,73.0,5.4,Medium,No,1
60,Female,27.9,150.0,217.0,81.0,6.2,Medium,Yes,1
52,Male,27.7,128.0,145.0,52.0,5.6,Medium,No,1
45,Male,33.5,152.0,142.0,240.0,6.3,Medium,Yes,1
42,Female,29.8,143.0,137.0,152.0,5.3,Low,No,1
66,Female,,132.0,136.0,142.0,5.1,Medium,No,1
53,Male,22.2,143.0,138.0,191.0,5.7,Medium,No,1
48,Male,25.6,118.0,123.0,103.0,4.7,High,Yes,1
18,Male,23.8,131.0,119.0,105.0,5.3,Medium,No,1
36,Female,33.1,126.0,160.0,,5.6,Medium,No,1
75,Male,21.6,144.0,151.0,105.0,5.0,Low,Yes,1
30,Female,23.6,139.0,125.0,123.0,5.8,Medium,No,1
54,Male,21.3,125.0,126.0,103.0,5.8,Low,No,0
60,Female,20.0,152.0,144.0,178.0,5.5,Low,No,1
47,Male,27.8,120.0,139.0,109.0,5.3,High,Yes,1
59,Female,25.3,153.0,146.0,,5.8,Low,No,1
51,Male,31.6,125.0,146.0,140.0,5.1,Medium,No,1
52,Male,30.3,154.0,170.0,198.0,5.3,Low,No,1
30,Female,27.6,140.0,120.0,125.0,5.6,Medium,No,1
51,Female,22.5,123.0,143.0,145.0,5.2,Medium,No,0
38,Male,24.4,145.0,,72.0,5.4,Low,No,1
24,Male,23.8,,126.0,101.0,4.7,Medium,No,0
52,Female,25.8,155.0,120.0,139.0,5.5,Low,Yes,1
60,Female,,137.0,147.0,84.0,5.7,High,Yes,1
56,Male,20.7,126.0,160.0,126.0,4.6,Medium,No,1
29,Male,21.8,147.0,118.0,138.0,5.6,Medium,Yes,1
39,Male,22.6,141.0,131.0,188.0,5.5,Medium,Yes,1
43,Male,26.2,187.0,136.0,145.0,6.1,Low,Yes,1
49,Male,17.0,149.0,143.0,118.0,5.5,Low,No,1
57,Female,28.0,147.0,151.0,107.0,5.5,Medium,Yes,1
46,Male,27.4,129.0,121.0,89.0,5.9,Medium,No,1
57,Female,22.9,148.0,161.0,138.0,5.3,Medium,Yes,1
41,Female,35.8,157.0,144.0,173.0,6.2,Low,No,1
37,Male,29.7,123.0,147.0,86.0,5.2,High,No,0
68,Female,26.0,171.0,168.0,,6.4,Medium,Yes,1
31,Female,21.1,140.0,151.0,151.0,5.8,Low,No,1
43,Female,23.4,140.0,123.0,123.0,5.1,Medium,Yes,1
63,Male,28.1,170.0,159.0,129.0,6.6,Low,Yes,1
49,Male,20.3,108.0,151.0,87.0,4.8,High,Yes,0
25,Male,24.0,119.0,132.0,46.0,5.0,Medium,No,0
47,Female,31.4,126.0,136.0,140.0,5.3,Medium,Yes,1
47,Female,33.2,145.0,164.0,213.0,5.2,Medium,No,1
68,Male,33.0,182.0,155.0,208.0,6.4,Low,No,1
32,Female,26.9,145.0,138.0,158.0,5.9,High,No,1
63,Female,17.7,131.0,141.0,140.0,4.9,Low,Yes,1
78,Female,28.1,133.0,155.0,198.0,6.1,Medium,No,1
34,Male,26.8,135.0,,143.0,5.5,Low,Yes,1
50,Male,19.0,134.0,135.0,116.0,5.1,High,No,1
46,Male,21.5,103.0,152.0,115.0,5.0,High,No,0
42,Female,30.2,156.0,141.0,,6.6,Low,Yes,1
61,Female,23.2,166.0,153.0,90.0,5.8,Medium,No,1
22,Male,25.4,145.0,124.0,118.0,5.7,Medium,Yes,1
40,Male,22.2,135.0,145.0,86.0,5.3,Medium,No,1
43,Male,23.2,142.0,163.0,148.0,4.7,High,Yes,1
69,Male,31.8,158.0,137.0,162.0,6.0,Low,Yes,1
54,Male,25.2,156.0,132.0,131.0,6.5,Low,Yes,1
36,Female,25.5,112.0,157.0,45.0,5.1,Low,No,0
46,Male,25.4,132.0,122.0,100.0,5.0,Medium,No,1
43,Male,27.3,145.0,131.0,128.0,5.2,Low,No,1
48,Male,,178.0,130.0,152.0,5.8,High,Yes,1
52,Male,27.1,119.0,152.0,112.0,4.7,Medium,No,0
40,Male,25.5,109.0,127.0,134.0,4.7,High,Yes,0
64,Female,19.9,151.0,163.0,148.0,4.9,Low,Yes,1
56,Female,28.2,153.0,142.0,105.0,6.2,Medium,No,1
21,Female,31.8,149.0,115.0,,6.3,Low,No,1
44,Female,34.1,140.0,144.0,130.0,5.6,Medium,Yes,1
44,Male,30.1,146.0,128.0,110.0,5.7,Medium,Yes,1
36,Male,30.6,146.0,141.0,129.0,5.8,Low,No,1
58,Male,30.7,166.0,146.0,124.0,6.5,Medium,Yes,1
52,Female,20.4,127.0,138.0,138.0,5.7,High,Yes,1
44,Female,23.9,163.0,157.0,84.0,6.1,Low,No,1
38,Male,28.8,156.0,152.0,240.0,5.8,Medium,No,1
64,Female,18.8,103.0,148.0,,5.2,High,No,0
24,Male,25.5,99.0,123.0,123.0,4.3,Medium,No,0
34,Male,25.5,136.0,,116.0,5.4,Medium,Yes,1
32,Female,19.6,140.0,131.0,94.0,5.6,Low,Yes,1
43,Female,30.3,168.0,146.0,152.0,6.9,Low,Yes,1
47,Female,23.8,118.0,141.0,141.0,4.5,High,No,0
27,Female,24.1,145.0,124.0,83.0,5.3,Low,No,1
33,Female,33.8,157.0,130.0,170.0,5.7,Low,Yes,1
53,Male,26.5,153.0,,120.0,5.7,Low,No,1
37,Female,22.1,146.0,142.0,157.0,6.4,Medium,No,1
41,Female,21.2,156.0,125.0,182.0,5.6,Low,Yes,1
49,Female,22.2,119.0,,111.0,5.1,Medium,Yes,1
65,Female,26.3,124.0,140.0,119.0,5.7,High,No,0
48,Male,27.4,146.0,144.0,150.0,6.3,Medium,No,1
54,Male,27.6,127.0,152.0,,5.6,High,No,1
51,Male,25.7,108.0,141.0,129.0,5.7,Medium,Yes,0
59,Female,29.3,142.0,150.0,130.0,5.9,Medium,No,1
39,Female,22.9,154.0,126.0,,5.7,Low,Yes,1
50,Female,21.5,124.0,161.0,90.0,5.4,Medium,No,0
66,Male,28.5,130.0,147.0,95.0,5.6,High,No,1
33,Male,24.8,139.0,138.0,180.0,5.7,Medium,Yes,1
23,Female,21.1,125.0,131.0,118.0,5.4,,No,0
52,Female,28.1,147.0,140.0,98.0,6.0,Medium,No,1
85,Female,30.0,186.0,166.0,180.0,6.8,Low,No,1
36,Male,23.3,125.0,147.0,79.0,5.1,Low,No,0
41,Male,24.0,134.0,112.0,101.0,5.8,Medium,No,1
67,Female,38.3,159.0,150.0,192.0,6.8,Low,Yes,1
31,Male,23.7,114.0,137.0,156.0,5.3,Medium,No,0
40,Female,31.1,134.0,162.0,128.0,6.5,High,No,1
82,Female,27.7,160.0,156.0,125.0,6.0,Medium,Yes,1
51,Female,32.1,139.0,136.0,112.0,5.0,Medium,No,1
52,Female,29.4,163.0,129.0,100.0,14.2,Medium,Yes,1
23,Male,24.2,131.0,126.0,152.0,5.4,Medium,Yes,1
35,Male,22.5,134.0,133.0,70.0,5.3,Medium,No,1
84,Male,28.7,177.0,148.0,156.0,6.5,Low,No,1
41,Male,22.1,119.0,132.0,95.0,5.3,Medium,No,0
56,Male,25.5,149.0,143.0,73.0,5.7,Low,No,1
49,Female,25.6,137.0,133.0,102.0,5.7,Low,No,1
27,Male,36.7,152.0,162.0,104.0,5.8,Medium,No,1
53,Female,24.4,132.0,142.0,132.0,4.9,High,No,1
23,Female,36.2,142.0,137.0,192.0,5.6,High,Yes,1
68,Male,21.1,163.0,159.0,106.0,5.7,Medium,Yes,1
41,Female,17.0,146.0,139.0,120.0,5.3,Medium,Yes,1
26,Female,32.8,157.0,145.0,175.0,6.5,Medium,Yes,1
32,Male,28.5,131.0,143.0,74.0,5.1,Medium,No,1
74,Female,37.8,169.0,157.0,216.0,,Low,Yes,1
66,Female,28.7,153.0,169.0,100.0,5.6,Low,No,1
49,Male,23.9,153.0,,100.0,6.3,Medium,Yes,1
24,Female,21.9,115.0,133.0,90.0,5.6,High,Yes,1
51,Female,26.7,140.0,131.0,149.0,5.3,,Yes,1
46,Female,28.7,155.0,147.0,171.0,6.7,High,Yes,1
30,Male,22.2,133.0,134.0,132.0,5.2,Low,No,1
18,Male,24.5,152.0,124.0,181.0,5.8,High,Yes,1
40,Female,24.3,120.0,133.0,84.0,4.8,High,No,0
46,Female,29.4,165.0,155.0,96.0,6.0,Low,Yes,1
79,Male,24.8,124.0,166.0,54.0,5.3,Medium,No,0
39,Female,23.1,141.0,137.0,142.0,5.2,Low,No,1
61,Male,17.0,122.0,150.0,55.0,,Medium,Yes,1
32,Male,22.2,124.0,140.0,,5.1,Medium,Yes,1
39,Female,21.6,149.0,145.0,141.0,5.4,Low,No,1
18,Male,24.0,157.0,131.0,115.0,6.1,Medium,Yes,1
35,Male,28.5,,156.0,115.0,6.1,Low,No,0
33,Male,22.4,120.0,120.0,195.0,4.8,High,No,0
64,Female,34.3,116.0,145.0,137.0,5.2,High,Yes,1
59,Male,20.7,143.0,149.0,151.0,5.3,Low,No,1
24,Female,27.2,143.0,114.0,180.0,6.0,Medium,No,1
18,Male,21.1,97.0,140.0,135.0,4.1,High,No,0
63,Female,24.8,128.0,151.0,109.0,5.3,High,Yes,1
20,Female,18.5,133.0,118.0,173.0,5.4,Medium,Yes,1
42,Female,17.2,150.0,133.0,64.0,5.6,Medium,Yes,1
58,Female,31.5,160.0,162.0,150.0,5.8,High,Yes,1
61,Male,24.7,156.0,146.0,132.0,5.3,Low,No,1
67,Male,27.2,153.0,143.0,133.0,5.9,High,Yes,1
47,Male,20.5,137.0,133.0,98.0,6.0,High,Yes,1
55,Female,24.8,135.0,138.0,142.0,5.6,High,Yes,1
49,Female,27.8,242.0,157.0,154.0,5.7,Low,No,1
38,Female,,109.0,136.0,43.0,4.7,High,No,0
32,Female,21.2,100.0,146.0,48.0,4.5,High,No,0
69,Female,29.2,,166.0,145.0,6.1,Low,No,0
63,Male,27.3,169.0,150.0,151.0,6.1,Low,Yes,1
59,Male,26.7,153.0,142.0,47.0,5.4,Low,No,1
34,Male,36.2,321.0,132.0,107.0,6.1,High,No,1
26,Female,23.0,132.0,119.0,131.0,5.3,Low,Yes,1
51,Female,31.9,155.0,135.0,,5.8,Low,Yes,1
66,Male,17.0,151.0,135.0,74.0,5.9,Medium,No,1
67,Male,25.6,131.0,159.0,117.0,5.4,Medium,Yes,1
53,Female,27.2,147.0,148.0,140.0,6.0,Medium,No,1
72,Male,25.2,125.0,156.0,144.0,5.4,High,No,0
47,Female,25.3,119.0,145.0,125.0,5.4,High,Yes,1
68,Female,,119.0,160.0,92.0,5.6,Medium,Yes,1
42,Female,42.7,128.0,136.0,95.0,4.4,Medium,No,1
84,Female,24.8,174.0,168.0,181.0,6.0,Low,No,1
47,Male,33.5,159.0,146.0,174.0,6.2,High,No,1
30,Female,17.4,124.0,136.0,129.0,4.9,Low,No,0
59,Female,26.2,155.0,,121.0,6.5,Medium,Yes,1
45,Male,22.6,,117.0,110.0,5.8,Medium,Yes,0
28,Male,27.4,126.0,122.0,163.0,6.0,High,Yes,1
51,Male,29.4,139.0,141.0,81.0,5.4,Low,No,1
63,Male,20.2,158.0,148.0,142.0,5.9,High,Yes,1
44,Female,26.0,141.0,143.0,145.0,10.3,Medium,No,1
41,Female,23.6,160.0,135.0,,6.4,Low,Yes,1
69,Female,42.3,152.0,154.0,103.0,5.4,Low,No,1
53,Female,27.8,149.0,148.0,176.0,6.4,Low,No,1
28,Male,,113.0,132.0,93.0,4.7,High,No,0
18,Male,20.2,117.0,123.0,133.0,4.9,Low,Yes,1
50,Female,28.9,,141.0,75.0,6.1,Medium,No,0
35,Female,28.1,126.0,125.0,109.0,5.8,Medium,No,1
68,Female,24.7,140.0,148.0,139.0,5.6,Low,Yes,1
34,Male,32.5,143.0,128.0,109.0,,Medium,Yes,1
45,Female,24.6,171.0,163.0,160.0,6.2,Medium,No,1
33,Female,39.4,,,121.0,5.5,Medium,No,0
43,Male,22.2,124.0,145.0,45.0,4.8,Medium,No,0
43,Female,17.7,,139.0,,5.1,High,No,0
56,Male,27.9,134.0,151.0,84.0,5.4,Medium,No,1
77,Male,36.2,188.0,150.0,172.0,6.6,Low,No,1
18,Male,26.8,,216.0,171.0,4.8,Medium,No,0
44,Male,29.5,120.0,146.0,143.0,4.9,Medium,No,0
36,Male,27.0,120.0,135.0,142.0,5.3,High,No,0
43,Female,45.4,129.0,139.0,189.0,5.8,Medium,No,1
20,Male,29.1,138.0,144.0,118.0,5.5,Medium,No,1
18,Male,23.5,151.0,131.0,114.0,6.0,Low,Yes,1
57,Male,34.0,174.0,145.0,171.0,6.8,Low,No,1
60,Female,29.7,159.0,141.0,200.0,6.1,Low,No,1
34,Female,28.6,108.0,132.0,166.0,5.5,High,No,0
69,Male,31.4,145.0,140.0,131.0,5.7,Low,No,1
62,Male,,164.0,145.0,150.0,6.1,Low,No,1
32,Male,31.5,145.0,125.0,176.0,5.4,Medium,No,1
18,Female,24.3,126.0,123.0,71.0,5.3,Medium,No,1
51,Female,30.2,164.0,150.0,161.0,5.8,Medium,No,1
54,Female,27.5,138.0,161.0,86.0,5.6,High,Yes,1
68,Female,27.7,127.0,,107.0,6.1,High,No,1
60,Male,26.1,131.0,150.0,132.0,5.8,High,No,1
43,Female,33.8,164.0,144.0,116.0,6.7,High,Yes,1
62,Female,26.8,127.0,155.0,102.0,5.9,Low,Yes,1
42,Male,27.4,108.0,144.0,87.0,4.9,Medium,No,0
42,Male,31.9,151.0,148.0,166.0,6.3,Low,No,1
61,Male,32.7,175.0,135.0,164.0,6.1,Medium,No,1
37,Male,,144.0,143.0,157.0,6.0,Low,No,1
63,Female,25.0,139.0,138.0,139.0,5.4,Low,No,1
32,Female,29.7,137.0,143.0,117.0,6.1,Medium,Yes,1
55,Male,,146.0,146.0,125.0,6.3,Low,No,1
46,Female,25.6,140.0,141.0,83.0,5.9,Low,Yes,1
52,Male,17.0,,144.0,,4.9,Low,Yes,0
39,Male,27.6,164.0,128.0,206.0,5.8,Low,No,1
28,Female,19.8,142.0,129.0,86.0,5.7,Medium,Yes,1
36,Female,,158.0,131.0,156.0,5.9,,No,1
57,Female,25.2,115.0,140.0,122.0,5.1,Medium,No,0
49,Male,24.7,121.0,140.0,63.0,5.2,High,No,0
34,Male,27.0,124.0,138.0,93.0,4.9,Medium,No,0
47,Male,25.6,147.0,138.0,137.0,6.1,Medium,Yes,1
46,Male,35.8,133.0,140.0,195.0,6.1,High,No,1
49,Male,29.0,138.0,150.0,132.0,5.4,Low,No,1
59,Male,26.9,146.0,141.0,138.0,5.7,Medium,Yes,1
56,Female,31.5,150.0,144.0,199.0,6.3,Medium,Yes,1
47,Female,19.0,108.0,142.0,111.0,4.8,High,No,0
45,Female,17.0,118.0,141.0,115.0,4.7,Medium,Yes,1
30,Male,27.1,159.0,128.0,434.0,5.7,Medium,No,1
64,Male,31.7,141.0,162.0,133.0,5.7,Medium,No,1
55,Male,27.7,158.0,154.0,174.0,5.8,Low,Yes,1
70,Male,,163.0,158.0,183.0,11.3,Medium,No,1
43,Male,20.3,115.0,138.0,107.0,4.4,Medium,No,0
42,Male,34.3,130.0,152.0,136.0,6.1,High,No,1
34,Male,28.1,102.0,139.0,113.0,4.7,High,No,0
42,Female,21.8,165.0,141.0,172.0,6.0,Low,No,1
41,Female,27.5,125.0,143.0,77.0,5.8,Medium,No,0
35,Male,30.0,158.0,152.0,159.0,6.0,Low,No,1
44,Female,29.6,144.0,140.0,165.0,5.8,Medium,No,1
60,Female,27.0,166.0,159.0,207.0,,Medium,No,1
40,Female,21.9,173.0,128.0,108.0,5.7,Medium,Yes,1
41,Male,20.2,130.0,124.0,,5.1,Medium,No,1
57,Female,20.8,113.0,166.0,121.0,5.1,Medium,No,0
52,Female,30.8,127.0,151.0,135.0,5.4,Medium,No,1
35,Male,34.4,128.0,141.0,211.0,5.4,High,No,1
39,Male,21.0,83.0,125.0,130.0,4.3,Medium,No,0
63,Male,29.5,131.0,152.0,171.0,5.7,Medium,No,1
50,Male,31.0,155.0,136.0,109.0,6.3,Medium,No,1
60,Female,22.4,116.0,133.0,137.0,4.8,High,No,0
49,Male,25.5,141.0,142.0,174.0,5.5,Low,No,1
27,Male,20.9,142.0,138.0,,6.3,Medium,Yes,1
53,Female,29.7,123.0,138.0,127.0,4.5,High,Yes,1
18,Male,30.3,119.0,122.0,99.0,5.2,Medium,Yes,1
56,Male,22.9,174.0,162.0,95.0,6.3,Low,No,1
80,Female,30.2,151.0,165.0,148.0,5.7,Low,No,1
38,Female,22.1,133.0,128.0,126.0,13.8,Low,No,1
64,Male,21.2,135.0,,117.0,5.4,Medium,No,1
58,Female,26.4,125.0,132.0,102.0,4.9,High,Yes,1
82,Male,22.2,148.0,164.0,96.0,5.4,Medium,No,1
47,Male,23.6,121.0,141.0,157.0,5.1,Medium,No,0
40,Male,21.5,144.0,129.0,120.0,5.7,Medium,No,1
75,Female,31.2,148.0,170.0,139.0,6.0,High,No,1
66,Female,23.7,150.0,204.0,142.0,5.3,Medium,Yes,1
47,Male,19.6,118.0,145.0,122.0,5.1,High,No,0
52,Male,17.9,118.0,141.0,79.0,5.3,Medium,Yes,1
38,Female,25.0,144.0,147.0,129.0,,Medium,Yes,1
30,Male,28.5,156.0,134.0,156.0,5.8,Low,No,1
49,Male,30.5,,146.0,149.0,5.1,High,No,1
58,Male,,150.0,165.0,53.0,5.9,Medium,Yes,1
42,Female,26.1,184.0,147.0,150.0,7.1,Low,Yes,1
28,Male,19.3,112.0,116.0,124.0,5.4,Low,No,0
46,Male,22.9,125.0,148.0,131.0,6.0,High,No,0
35,Male,,119.0,134.0,124.0,5.5,High,No,0
24,Male,29.0,109.0,,151.0,4.6,Medium,No,0
66,Male,26.2,144.0,154.0,97.0,6.0,Low,No,1
54,Female,32.8,138.0,143.0,98.0,5.8,Medium,No,1
67,Female,28.8,144.0,157.0,122.0,5.8,Medium,No,1
44,Male,30.6,119.0,139.0,147.0,5.2,High,No,1
39,Female,30.5,148.0,136.0,104.0,6.4,Medium,No,1
63,Male,29.5,139.0,158.0,129.0,5.6,Medium,No,1
35,Male,26.8,162.0,137.0,178.0,5.6,High,Yes,1
32,Male,27.4,141.0,150.0,87.0,5.6,Low,Yes,1
60,Female,22.1,138.0,141.0,175.0,5.4,Medium,Yes,1
69,Female,25.5,156.0,146.0,90.0,6.4,Medium,Yes,1
43,Male,22.4,121.0,136.0,128.0,5.1,High,No,0
52,Female,30.8,142.0,162.0,167.0,5.5,High,Yes,1
54,Male,23.9,147.0,131.0,187.0,6.0,Low,No,1
51,Male,22.3,134.0,163.0,187.0,5.7,High,Yes,1
47,Male,29.3,157.0,119.0,,6.5,Low,Yes,1
21,Male,21.1,124.0,111.0,152.0,5.0,Low,No,0
36,Male,23.9,158.0,139.0,86.0,6.7,Low,No,1
32,Female,23.7,115.0,142.0,148.0,5.4,Medium,No,0
51,Male,24.0,99.0,144.0,78.0,4.8,High,No,0
42,Male,28.7,118.0,145.0,142.0,5.3,Medium,No,0
53,Female,17.0,143.0,135.0,92.0,6.4,Medium,Yes,1
52,Female,33.9,149.0,163.0,169.0,6.0,Medium,No,1
77,Male,25.0,151.0,163.0,199.0,6.3,Low,No,1
69,Male,19.9,110.0,155.0,106.0,4.9,,,0
20,Female,28.2,,133.0,168.0,6.3,Medium,No,0
48,Male,27.1,137.0,152.0,75.0,5.8,Medium,No,1
32,Female,27.4,165.0,,108.0,6.2,Low,No,1
44,Female,30.4,140.0,145.0,119.0,6.0,High,No,1
30,Male,29.9,181.0,144.0,96.0,6.5,Medium,Yes,1
20,Female,28.4,,135.0,137.0,6.0,Medium,Yes,0
36,Male,26.8,162.0,116.0,197.0,13.2,Low,Yes,1
48,Male,23.3,141.0,157.0,72.0,6.3,Low,No,1
67,Female,22.0,165.0,137.0,105.0,,Low,Yes,1
36,Female,22.7,111.0,144.0,147.0,4.9,High,No,0
40,Female,17.0,135.0,134.0,32.0,5.7,Medium,Yes,1
29,Female,20.3,116.0,123.0,757.0,5.3,High,No,0
51,Male,15.2,131.0,136.0,89.0,5.2,Medium,Yes,1
35,Male,,137.0,126.0,98.0,5.4,Low,Yes,1
53,Male,25.9,113.0,146.0,147.0,5.3,Medium,Yes,1
18,Female,25.5,109.0,118.0,76.0,4.8,,No,0
24,Male,31.4,133.0,145.0,14.0,5.3,High,Yes,1
36,Female,22.4,111.0,139.0,116.0,4.8,Medium,Yes,1
47,Male,30.2,143.0,151.0,165.0,5.4,Medium,Yes,1
63,Male,27.0,134.0,152.0,122.0,5.9,Medium,No,1
52,Male,,134.0,132.0,95.0,5.2,Medium,No,1
48,Female,28.2,153.0,150.0,88.0,6.4,Medium,No,1
18,Male,25.1,83.0,122.0,157.0,4.6,High,No,0
26,Female,32.6,156.0,126.0,138.0,6.2,Medium,Yes,1
37,Female,23.1,279.0,137.0,109.0,5.2,High,No,1
53,Male,31.2,136.0,161.0,89.0,5.8,High,Yes,1
47,Male,22.3,173.0,143.0,134.0,6.5,Low,Yes,1
32,Female,25.5,,116.0,142.0,5.6,High,No,0
48,Female,21.8,114.0,149.0,321.0,5.0,Medium,No,0
18,Female,17.0,,123.0,44.0,4.8,Medium,,0
57,Female,28.3,155.0,148.0,94.0,6.3,Medium,No,1
80,Male,32.1,136.0,142.0,121.0,6.1,Medium,No,1
45,Female,23.4,135.0,142.0,158.0,5.6,Low,No,1
62,Male,19.6,129.0,142.0,94.0,5.4,High,,1
45,Male,24.4,134.0,134.0,124.0,5.4,High,Yes,1
48,Male,27.6,139.0,138.0,94.0,5.4,Low,No,1
58,Female,24.4,173.0,140.0,208.0,6.4,Medium,Yes,1
34,Female,26.2,130.0,145.0,114.0,5.5,Low,Yes,1
50,Male,23.9,92.0,163.0,109.0,4.6,High,No,0
61,Female,27.2,140.0,167.0,136.0,5.9,Medium,Yes,1
50,Female,23.5,124.0,124.0,160.0,5.5,High,No,0
42,Male,24.7,108.0,133.0,,5.4,High,Yes,0
47,Female,27.1,162.0,131.0,179.0,6.5,Low,Yes,1
51,Female,21.3,109.0,156.0,99.0,4.3,Low,No,0
22,Female,17.0,128.0,118.0,75.0,5.9,Low,Yes,1
31,Male,25.5,119.0,148.0,107.0,4.9,High,No,0
60,Male,29.0,130.0,161.0,169.0,,Low,Yes,1
60,Male,28.4,174.0,137.0,106.0,6.1,Low,Yes,1
60,Male,26.1,109.0,153.0,117.0,4.9,,Yes,0
52,Male,26.5,152.0,130.0,,5.5,Low,Yes,1
37,Female,24.4,121.0,127.0,116.0,5.0,Medium,No,0
44,Female,26.2,136.0,149.0,135.0,5.7,Medium,No,1
78,Female,28.8,137.0,170.0,150.0,5.8,Medium,No,1
36,Female,28.4,142.0,147.0,159.0,4.9,Low,No,1
33,Male,23.5,163.0,140.0,152.0,,Low,No,1
56,Female,36.0,146.0,158.0,104.0,5.9,,No,1
41,Female,26.7,128.0,,66.0,5.5,Medium,No,1
65,Male,26.5,129.0,148.0,55.0,5.9,Medium,No,1
63,Female,19.1,128.0,145.0,116.0,5.5,Medium,No,1
53,Female,35.1,,142.0,164.0,6.4,Low,No,1
54,Female,19.6,156.0,141.0,224.0,5.8,Low,No,1
60,Male,23.9,138.0,149.0,95.0,4.7,Medium,No,1
29,Female,29.6,133.0,146.0,105.0,5.2,Medium,No,1
25,Male,27.2,139.0,119.0,113.0,5.8,Medium,Yes,1
55,Male,30.5,178.0,136.0,478.0,6.8,Medium,No,1
27,Female,31.8,142.0,129.0,187.0,5.4,Medium,Yes,1
44,Male,,139.0,140.0,129.0,5.1,Medium,Yes,1
32,Male,24.3,162.0,120.0,137.0,5.5,Medium,No,1
59,Female,23.8,148.0,154.0,113.0,9.5,Medium,No,1
51,Male,25.5,136.0,144.0,142.0,5.7,Low,No,1
65,Male,18.7,138.0,147.0,107.0,,Medium,No,1
58,Male,22.4,147.0,149.0,90.0,6.1,Low,No,1
18,Male,,130.0,129.0,87.0,6.1,High,No,1
67,Male,32.2,171.0,154.0,177.0,6.5,Medium,Yes,1
57,Male,27.0,138.0,141.0,101.0,6.2,Medium,No,1
75,Female,22.9,123.0,146.0,145.0,5.2,Medium,No,0
55,Female,27.7,126.0,139.0,138.0,5.3,Medium,No,1
43,Male,32.4,151.0,146.0,157.0,5.7,Medium,Yes,1
52,Male,26.0,146.0,147.0,244.0,5.5,Medium,No,1
61,Male,28.7,175.0,147.0,106.0,6.1,Medium,Yes,1
47,Male,21.8,109.0,140.0,100.0,5.7,High,No,0
55,Male,27.5,163.0,144.0,208.0,6.2,Low,No,1
39,Female,,174.0,140.0,168.0,6.4,Medium,Yes,1
59,Female,31.9,146.0,143.0,162.0,5.2,Low,Yes,1
33,Male,,114.0,138.0,94.0,14.8,Medium,No,1
32,Female,21.3,121.0,144.0,68.0,4.3,Low,Yes,1
23,Male,29.8,133.0,129.0,181.0,5.9,Medium,Yes,1
67,Female,28.4,136.0,157.0,113.0,5.5,High,Yes,1
32,Male,23.3,130.0,153.0,117.0,5.7,Medium,No,1
34,Female,25.4,162.0,134.0,20.0,,Low,Yes,1
42,Male,24.2,135.0,133.0,172.0,5.4,Low,No,1
38,Male,22.5,133.0,134.0,114.0,5.3,High,No,1
56,Male,23.4,136.0,134.0,96.0,5.4,High,No,1
42,Male,23.2,129.0,126.0,135.0,5.0,Medium,No,1
49,Male,51.6,154.0,125.0,131.0,5.5,High,Yes,1
41,Male,32.0,141.0,139.0,101.0,5.6,Medium,No,1
47,Female,26.2,132.0,143.0,118.0,5.9,High,No,1
69,Female,17.4,120.0,159.0,141.0,5.3,Medium,No,0
69,Female,28.9,161.0,164.0,182.0,5.8,Medium,No,1
48,Male,25.9,141.0,150.0,208.0,4.9,,Yes,1
56,Male,23.6,165.0,151.0,154.0,6.5,Low,No,1
47,Male,27.2,137.0,141.0,152.0,6.0,High,,1
29,Female,34.2,111.0,,125.0,5.4,,Yes,1
61,Male,24.8,129.0,165.0,54.0,5.3,Medium,No,1
39,Female,20.2,150.0,145.0,79.0,5.5,Low,No,1
61,Male,24.4,142.0,167.0,111.0,5.5,High,Yes,1
63,Male,25.4,155.0,133.0,138.0,6.0,Low,Yes,1
48,Male,29.3,130.0,144.0,137.0,5.7,Medium,No,1
44,Male,24.3,142.0,146.0,182.0,5.5,Medium,No,1
66,Female,32.3,165.0,160.0,102.0,5.8,High,Yes,1
29,Female,28.6,138.0,125.0,,6.4,Low,,1
38,Female,22.8,142.0,132.0,108.0,5.5,,Yes,1
54,Male,22.2,153.0,204.0,60.0,5.2,Low,No,1
44,Male,24.5,105.0,143.0,54.0,5.4,High,No,0
61,Female,32.0,141.0,167.0,111.0,5.1,Medium,No,1
59,Male,38.4,160.0,157.0,203.0,6.7,Medium,No,1
58,Male,27.9,155.0,148.0,207.0,5.9,Medium,Yes,1
27,Female,25.8,121.0,156.0,96.0,5.1,Medium,Yes,1
33,Male,29.1,108.0,135.0,,5.2,Medium,No,0
52,Female,31.1,131.0,,186.0,5.4,Low,No,1
44,Male,31.8,161.0,155.0,211.0,6.3,Low,No,1
46,Male,24.7,154.0,129.0,79.0,6.4,Low,No,1
36,Female,31.2,142.0,139.0,23.0,6.1,Low,Yes,1
51,Male,21.2,158.0,140.0,176.0,5.8,Medium,Yes,1
82,Female,31.1,133.0,167.0,188.0,5.7,Medium,No,1
51,Male,22.9,168.0,128.0,104.0,,Medium,No,1
47,Male,23.9,126.0,135.0,92.0,,Low,No,1
39,Male,31.9,93.0,145.0,198.0,5.8,Medium,Yes,0
66,Male,29.6,146.0,163.0,128.0,5.7,Low,Yes,1
64,Male,21.9,137.0,141.0,100.0,5.4,Medium,No,1
54,Male,19.1,130.0,132.0,94.0,5.2,Medium,No,1
46,Male,21.0,142.0,142.0,163.0,5.4,Medium,No,1
65,Male,25.7,156.0,138.0,143.0,5.2,Low,No,1
34,Female,20.5,118.0,124.0,651.0,4.9,,No,0
62,Female,28.7,151.0,150.0,71.0,9.1,Medium,No,1
56,Female,22.2,143.0,145.0,159.0,5.1,Medium,Yes,1
34,Male,29.6,121.0,122.0,148.0,,Low,Yes,1
67,Male,25.9,143.0,165.0,,5.7,Medium,No,1
18,Female,24.4,139.0,118.0,154.0,6.3,Medium,No,1
46,Female,21.1,139.0,138.0,181.0,5.0,Medium,No,1
34,Male,29.1,175.0,145.0,122.0,6.2,Low,No,1
32,Male,,118.0,157.0,121.0,5.0,High,No,0
57,Female,17.2,132.0,138.0,110.0,4.3,High,Yes,1
60,Female,23.7,119.0,148.0,,5.1,High,,0
44,Female,25.9,139.0,131.0,129.0,5.6,Medium,Yes,1
43,Female,23.7,152.0,131.0,163.0,5.5,Medium,Yes,1
35,Male,23.7,155.0,129.0,162.0,6.1,Low,Yes,1
48,Male,23.9,124.0,136.0,129.0,5.5,Medium,Yes,1
61,Female,25.5,123.0,154.0,89.0,5.7,High,No,0
63,Female,21.2,144.0,148.0,81.0,5.7,Low,No,1
18,Female,26.8,139.0,147.0,113.0,5.8,Low,Yes,1
49,Male,32.5,158.0,131.0,235.0,6.2,Medium,No,1
49,Female,31.7,123.0,142.0,149.0,5.2,High,Yes,1
62,Male,24.5,133.0,158.0,145.0,4.9,Low,No,1
29,Male,20.8,115.0,128.0,55.0,6.0,Medium,No,0
53,Male,18.4,142.0,141.0,144.0,5.2,Medium,No,1
56,Male,,151.0,159.0,137.0,9.2,High,No,1
54,Male,26.1,160.0,133.0,166.0,6.0,Medium,No,1
55,Female,32.5,169.0,147.0,154.0,5.7,Low,Yes,1
39,Female,21.5,137.0,120.0,199.0,6.1,Low,No,1
33,Female,26.2,121.0,127.0,127.0,5.0,Medium,No,0
49,Female,31.3,124.0,145.0,179.0,5.6,Low,No,1
45,Male,23.1,125.0,153.0,148.0,4.9,High,No,0
47,Male,22.5,170.0,135.0,145.0,5.7,Low,Yes,1
59,Male,27.5,156.0,149.0,,6.1,Medium,No,1
35,Male,24.0,142.0,,149.0,5.6,Low,No,1
43,Male,18.8,118.0,160.0,135.0,5.5,High,No,0
42,Female,20.5,123.0,131.0,110.0,5.2,Medium,No,0
52,Female,31.8,116.0,,131.0,5.4,High,No,1
31,Female,31.0,128.0,135.0,152.0,5.3,High,Yes,1
50,Female,27.4,143.0,144.0,136.0,5.0,Low,Yes,1
51,Male,19.9,111.0,137.0,78.0,5.0,Medium,No,0
71,Female,20.3,135.0,159.0,164.0,4.8,Low,No,1
59,Female,26.2,147.0,139.0,107.0,5.8,Low,No,1
70,Female,19.8,134.0,162.0,124.0,5.4,Medium,No,1
55,Female,29.2,156.0,149.0,128.0,,Low,No,1
49,Female,25.6,96.0,130.0,144.0,5.0,High,Yes,0
66,Male,33.2,164.0,154.0,211.0,5.2,Medium,Yes,1
53,Female,32.1,168.0,164.0,155.0,6.0,Low,Yes,1
50,Female,28.6,130.0,152.0,129.0,5.0,Low,Yes,1
26,Male,36.3,135.0,123.0,100.0,6.1,Medium,,1
38,Female,26.4,147.0,124.0,150.0,5.7,,No,1
34,Male,24.0,120.0,126.0,87.0,4.8,Medium,Yes,1
33,Male,20.4,145.0,136.0,117.0,5.5,High,Yes,1
47,Female,22.4,140.0,135.0,759.0,5.2,High,Yes,1
53,Male,25.2,138.0,133.0,155.0,6.5,High,No,1
47,Male,25.2,123.0,141.0,109.0,5.2,High,No,0
30,Female,31.7,136.0,134.0,117.0,5.4,Low,No,1
54,Female,22.6,135.0,177.0,90.0,5.1,High,No,1
55,Male,23.1,127.0,151.0,,5.4,Medium,Yes,1
18,Female,26.5,133.0,113.0,202.0,4.9,Medium,No,1
49,Female,,114.0,148.0,173.0,5.1,High,Yes,1
51,Male,30.1,174.0,130.0,160.0,6.1,Low,Yes,1
24,Female,19.5,163.0,141.0,,5.9,Low,No,1
44,Male,20.8,109.0,121.0,72.0,4.7,High,No,0
18,Male,17.8,123.0,119.0,120.0,4.6,Medium,No,0
64,Male,21.1,154.0,126.0,158.0,6.6,Medium,Yes,1
33,Female,29.6,149.0,136.0,194.0,6.1,Low,No,1
51,Male,22.6,145.0,147.0,97.0,5.4,,No,1
74,Male,26.3,144.0,138.0,135.0,4.9,Medium,No,1
33,Female,22.8,123.0,142.0,103.0,4.7,Medium,Yes,1
60,Female,29.0,137.0,145.0,129.0,5.5,Medium,No,1
50,Female,29.8,141.0,147.0,133.0,5.3,Medium,No,1
52,Male,29.4,148.0,153.0,162.0,6.1,High,No,1
64,Male,31.6,146.0,146.0,155.0,5.5,Medium,Yes,1
69,Male,24.7,145.0,165.0,116.0,5.4,High,No,1
55,Male,26.3,125.0,141.0,119.0,5.7,,Yes,1
26,Female,17.0,168.0,119.0,91.0,6.2,Low,Yes,1
24,Male,25.5,107.0,139.0,76.0,4.7,High,No,0
75,Female,27.9,132.0,160.0,130.0,5.1,High,No,1
59,Male,53.1,124.0,156.0,110.0,5.4,Medium,Yes,1
32,Female,31.3,137.0,129.0,173.0,5.8,,Yes,1
53,Male,30.2,130.0,154.0,162.0,4.9,High,No,1
44,Male,21.4,124.0,126.0,73.0,5.4,Medium,Yes,1
18,Female,23.1,127.0,118.0,115.0,5.9,High,No,1
63,Female,26.5,130.0,167.0,90.0,5.4,High,No,1
72,Female,22.6,132.0,154.0,155.0,4.9,Medium,No,1
27,Male,18.7,121.0,152.0,73.0,5.3,Low,No,0
47,Male,23.5,124.0,145.0,97.0,5.6,Low,Yes,1
39,Female,25.8,173.0,134.0,180.0,5.6,Low,Yes,1
42,Male,21.5,139.0,139.0,118.0,5.1,Medium,Yes,1
45,Male,23.8,165.0,128.0,173.0,6.1,Low,Yes,1
73,Male,35.0,150.0,169.0,138.0,6.3,High,No,1
41,Male,22.3,110.0,147.0,154.0,4.9,High,No,0
67,Female,28.8,169.0,153.0,,,Low,No,1
39,Male,31.3,143.0,123.0,116.0,5.3,Medium,No,1
26,Female,27.9,148.0,147.0,128.0,5.3,Low,No,1
27,Male,30.9,162.0,116.0,189.0,6.0,Low,No,1
18,Male,24.2,119.0,127.0,68.0,4.8,Medium,Yes,1
34,Male,22.5,104.0,117.0,,4.9,Medium,No,0
65,Male,25.7,136.0,149.0,72.0,5.4,High,Yes,1
61,Female,25.6,157.0,160.0,183.0,6.1,Low,Yes,1
62,Female,39.4,171.0,153.0,169.0,6.4,High,Yes,1
42,Male,26.9,136.0,128.0,119.0,5.8,High,Yes,1
36,Male,23.2,112.0,135.0,56.0,5.4,High,No,0
47,Female,20.7,132.0,138.0,153.0,,Medium,Yes,1
36,Female,22.9,136.0,,157.0,5.5,Medium,Yes,1
63,Female,27.2,164.0,153.0,351.0,6.6,Medium,Yes,1
47,Male,21.3,159.0,119.0,165.0,5.5,Low,No,1
38,Male,29.8,98.0,120.0,149.0,4.9,High,No,0
50,Female,23.5,196.0,143.0,96.0,5.5,Medium,No,1
18,Male,24.5,109.0,134.0,79.0,5.4,High,No,0
40,Female,26.6,140.0,130.0,119.0,5.9,Low,No,1
63,Female,24.1,135.0,142.0,136.0,,High,Yes,1
77,Male,24.7,148.0,169.0,132.0,5.8,Low,No,1
36,Female,26.4,136.0,158.0,189.0,5.7,High,Yes,1
41,Female,29.1,140.0,137.0,180.0,6.2,Medium,No,1
85,Female,23.6,152.0,161.0,88.0,6.1,Low,Yes,1
45,Male,28.7,182.0,133.0,141.0,6.2,Medium,Yes,1
34,Female,19.7,146.0,131.0,147.0,5.5,Low,No,1
48,Female,29.8,155.0,136.0,124.0,6.1,Low,No,1
40,Male,17.8,116.0,133.0,63.0,4.9,High,Yes,1
53,Male,33.9,167.0,143.0,149.0,,Medium,No,1
38,Female,34.3,141.0,135.0,123.0,,Medium,No,1
66,Male,21.8,122.0,159.0,149.0,5.7,Medium,No,0
31,Female,25.9,92.0,137.0,157.0,5.0,Medium,,0
51,Male,22.9,139.0,153.0,119.0,5.7,High,Yes,1
32,Male,21.3,112.0,120.0,91.0,4.6,High,No,0
48,Female,26.2,133.0,140.0,169.0,6.4,Medium,No,1
51,Female,35.8,148.0,164.0,123.0,6.5,High,No,1
61,Male,21.3,130.0,147.0,,4.8,Medium,No,1
45,Female,27.2,151.0,142.0,126.0,6.6,Low,No,1
53,Male,20.2,131.0,138.0,148.0,5.0,Medium,No,1
57,Female,21.6,137.0,165.0,106.0,5.0,Low,Yes,1
51,Male,23.1,118.0,140.0,199.0,5.1,Low,Yes,1
59,Female,22.2,135.0,163.0,128.0,5.9,Medium,No,1
60,Male,26.6,149.0,154.0,155.0,5.7,Medium,No,1
52,Male,22.5,139.0,143.0,222.0,5.6,Medium,No,1
44,Female,28.5,148.0,137.0,146.0,,Medium,No,1
67,Female,26.2,126.0,165.0,163.0,5.7,Medium,Yes,1
48,Female,24.2,117.0,142.0,80.0,5.3,Medium,No,0
44,Male,30.1,136.0,158.0,139.0,5.8,Medium,No,1
48,Female,22.6,105.0,142.0,87.0,5.2,Medium,No,0
53,Female,31.0,162.0,152.0,141.0,5.3,Medium,Yes,1
35,Male,35.1,130.0,125.0,126.0,5.5,High,No,1
39,Male,26.1,139.0,135.0,136.0,5.8,Medium,No,1
45,Male,26.4,143.0,136.0,70.0,5.7,Low,Yes,1
47,Male,32.6,140.0,142.0,103.0,5.7,Medium,No,1
56,Female,24.6,170.0,163.0,86.0,6.2,Medium,Yes,1
40,Male,28.0,140.0,134.0,208.0,5.8,Medium,No,1
53,Female,28.1,148.0,137.0,113.0,5.2,Low,No,1
56,Male,28.1,171.0,154.0,114.0,6.5,Low,Yes,1
47,Female,23.7,141.0,160.0,105.0,5.2,Low,No,1
23,Female,21.3,118.0,127.0,134.0,5.4,Medium,No,0
60,Female,29.8,123.0,133.0,124.0,5.2,Medium,No,0
47,Male,22.2,133.0,150.0,163.0,4.9,Low,No,1
31,Female,24.1,165.0,110.0,64.0,5.8,Low,Yes,1
54,Female,19.5,150.0,143.0,129.0,5.0,,No,1
37,Female,20.1,130.0,147.0,193.0,5.6,Medium,Yes,1
74,Male,21.9,140.0,158.0,92.0,5.0,Low,No,1
31,Male,28.5,,135.0,189.0,6.9,Low,No,1
64,Male,28.6,127.0,139.0,127.0,5.8,Medium,No,1
43,Female,22.8,131.0,139.0,136.0,4.9,Medium,Yes,1
28,Male,29.1,123.0,127.0,125.0,5.2,High,Yes,1
41,Female,23.6,112.0,141.0,54.0,5.0,High,No,0
67,Male,23.1,152.0,181.0,152.0,5.0,Low,No,1
64,Female,19.0,164.0,132.0,101.0,6.0,Low,No,1
51,Female,28.0,134.0,148.0,136.0,5.7,High,Yes,1
36,Male,28.5,137.0,132.0,175.0,5.4,Medium,No,1
59,Female,23.3,156.0,145.0,157.0,6.5,Medium,Yes,1
41,Male,25.9,149.0,148.0,113.0,5.6,Low,No,1
64,Male,22.7,121.0,147.0,131.0,5.1,Medium,No,0
56,Male,21.1,107.0,159.0,186.0,5.3,Medium,No,0
54,Female,26.1,127.0,152.0,114.0,5.6,Medium,No,1
49,Male,23.9,181.0,141.0,208.0,6.1,Medium,Yes,1
36,Male,27.7,116.0,131.0,148.0,5.7,Medium,No,0
35,Female,21.9,111.0,136.0,154.0,4.9,Medium,No,0
41,Male,20.0,127.0,141.0,135.0,4.7,Medium,No,1
48,Female,22.6,116.0,134.0,126.0,5.0,High,No,0
44,Female,24.2,143.0,116.0,171.0,5.5,Low,Yes,1
32,Male,28.0,135.0,131.0,117.0,5.9,Medium,No,1
35,Female,29.4,148.0,109.0,115.0,6.2,Low,Yes,1
47,Female,30.9,161.0,,157.0,6.6,Medium,Yes,1
53,Male,17.0,139.0,139.0,137.0,5.8,High,Yes,1
41,Male,43.0,160.0,149.0,177.0,6.3,Medium,No,1
56,Male,23.8,132.0,161.0,86.0,5.7,Medium,No,1
34,Male,25.9,123.0,130.0,138.0,5.1,Medium,No,0
49,Male,29.4,135.0,138.0,223.0,5.6,Medium,Yes,1
53,Male,24.4,125.0,131.0,141.0,5.3,Low,No,0
55,Female,23.7,97.0,160.0,175.0,4.7,High,No,0
70,Male,25.6,143.0,143.0,149.0,14.1,Low,No,1
41,Female,17.0,131.0,135.0,42.0,5.1,High,No,1
35,Female,29.9,158.0,126.0,173.0,5.8,Medium,No,1
20,Male,24.3,138.0,138.0,83.0,5.5,,Yes,1
45,Male,25.2,160.0,125.0,118.0,5.9,Low,Yes,1
29,Male,29.1,142.0,133.0,88.0,5.2,Medium,,1
21,Male,49.6,123.0,144.0,94.0,5.3,High,No,0
67,Female,22.6,126.0,145.0,,5.4,Medium,No,1
47,Female,22.7,131.0,137.0,,4.6,Medium,No,1
55,Female,26.1,167.0,128.0,120.0,5.6,Low,Yes,1
41,Male,22.3,131.0,137.0,109.0,5.1,Low,No,1
58,Female,23.5,154.0,153.0,178.0,5.7,Medium,Yes,1
27,Male,30.3,125.0,132.0,774.0,4.7,Low,No,0
69,Female,27.7,127.0,150.0,144.0,4.9,Medium,No,1
52,Female,26.3,184.0,141.0,,6.1,Low,Yes,1
50,Female,26.6,128.0,146.0,104.0,5.9,High,No,1
34,Male,28.0,159.0,120.0,101.0,5.7,Low,No,1
40,Male,17.0,90.0,131.0,119.0,5.0,Low,Yes,0
18,Female,23.7,121.0,110.0,105.0,5.5,Medium,No,0
55,Male,23.1,154.0,173.0,164.0,6.4,Medium,Yes,1
38,Female,24.3,154.0,150.0,74.0,6.0,Low,No,1
55,Female,27.0,125.0,149.0,156.0,5.5,Medium,No,0
50,Male,23.5,154.0,131.0,53.0,6.4,Medium,No,1
41,Male,32.2,125.0,144.0,129.0,5.1,High,No,1
59,Female,26.9,115.0,145.0,111.0,5.2,High,No,0
49,Male,20.7,153.0,127.0,161.0,5.4,Medium,No,1
59,Male,33.4,139.0,160.0,125.0,5.9,Medium,Yes,1
24,Male,26.2,145.0,117.0,154.0,5.4,Low,Yes,1
60,Male,24.3,156.0,126.0,178.0,6.6,Medium,No,1
46,Female,29.5,144.0,144.0,123.0,5.6,Medium,No,1
65,Male,34.2,154.0,160.0,165.0,6.3,Medium,Yes,1
27,Male,32.0,145.0,137.0,143.0,5.7,Medium,No,1
21,Female,21.9,101.0,122.0,98.0,,High,Yes,0
53,Male,27.1,145.0,142.0,142.0,5.4,Low,No,1
35,Female,21.9,126.0,165.0,153.0,6.0,Low,No,1
46,Female,18.9,127.0,156.0,66.0,4.7,Low,No,1
41,Female,30.9,144.0,146.0,160.0,5.8,Low,Yes,1
43,Female,24.3,137.0,148.0,97.0,5.1,Medium,No,1
36,Male,27.6,129.0,155.0,151.0,4.8,Medium,Yes,1
37,Female,26.0,107.0,107.0,117.0,5.4,High,No,0
44,Male,20.2,111.0,145.0,145.0,4.9,High,No,0
32,Male,23.4,115.0,148.0,106.0,6.1,Medium,No,0
39,Male,21.9,127.0,130.0,169.0,5.6,Medium,No,1
42,Female,26.3,151.0,151.0,143.0,5.3,Medium,Yes,1
57,Female,26.4,144.0,156.0,112.0,5.6,Low,No,1
31,Female,19.1,116.0,137.0,83.0,4.7,High,Yes,1
48,Male,20.3,165.0,141.0,145.0,5.8,Medium,Yes,1
42,Male,24.0,125.0,133.0,173.0,5.5,High,Yes,1
50,Female,25.2,152.0,122.0,93.0,6.1,Medium,No,1
31,Female,23.3,102.0,144.0,105.0,5.1,High,Yes,0
32,Female,27.1,117.0,128.0,145.0,4.5,High,No,0
54,Male,26.9,147.0,133.0,167.0,5.5,Medium,Yes,1
24,Female,27.6,124.0,134.0,118.0,5.0,Low,Yes,1
53,Male,37.3,140.0,154.0,,5.7,High,Yes,1
38,Male,27.7,131.0,135.0,173.0,5.7,Low,No,1
46,Female,24.1,142.0,151.0,166.0,6.1,Low,No,1
54,Female,24.6,145.0,150.0,153.0,5.9,Medium,No,1
42,Female,26.6,157.0,154.0,137.0,6.1,Low,No,1
79,Male,28.2,155.0,170.0,129.0,5.4,Medium,No,1
36,Female,28.0,127.0,136.0,100.0,5.7,Medium,No,1
33,Male,25.7,131.0,139.0,112.0,5.4,Medium,No,1
59,Female,17.0,135.0,148.0,140.0,4.7,High,Yes,1
19,Female,19.2,112.0,126.0,107.0,4.9,Medium,No,0
46,Female,33.1,173.0,153.0,126.0,6.5,Low,No,1
62,Female,30.7,152.0,161.0,138.0,6.4,Low,No,1
44,Female,27.4,131.0,153.0,,5.3,Medium,No,1
63,Male,27.7,130.0,159.0,124.0,6.0,Medium,,1
35,Female,25.6,145.0,136.0,110.0,5.5,Low,No,1
51,Male,33.5,149.0,152.0,179.0,,Low,Yes,1
57,Female,23.6,133.0,146.0,157.0,5.6,High,No,1
59,Female,22.1,152.0,151.0,72.0,5.3,Low,No,1
56,Male,26.6,132.0,138.0,,5.5,Low,No,1
36,Male,30.1,146.0,145.0,108.0,5.2,Low,Yes,1
53,Female,28.2,133.0,134.0,118.0,6.1,High,No,1
25,Female,31.8,163.0,123.0,,6.2,Medium,No,1
55,Male,21.6,118.0,145.0,157.0,5.1,High,No,0
40,Female,20.8,144.0,131.0,154.0,5.9,Low,No,1
65,Male,30.2,166.0,153.0,,6.4,Low,No,1
61,Male,27.1,165.0,136.0,157.0,5.9,Medium,No,1
29,Female,24.0,138.0,143.0,166.0,5.7,Low,No,1
31,Female,27.4,133.0,135.0,,,Medium,Yes,1
71,Male,26.4,135.0,163.0,157.0,5.5,Medium,No,1
53,Male,19.9,150.0,128.0,158.0,5.9,Medium,Yes,1
72,Female,24.0,143.0,135.0,118.0,5.7,Low,No,1
55,Male,21.5,146.0,137.0,158.0,4.5,High,Yes,1
69,Female,22.6,150.0,147.0,105.0,5.7,Medium,No,1
63,Male,35.3,143.0,181.0,788.0,5.7,High,No,1
61,Male,24.9,165.0,164.0,140.0,6.3,Low,Yes,1
39,Male,37.5,139.0,122.0,156.0,5.8,Medium,No,1
58,Female,25.5,132.0,203.0,66.0,5.8,Medium,No,1
53,Male,25.2,136.0,167.0,153.0,5.9,Medium,Yes,1
53,Male,26.4,150.0,142.0,93.0,5.8,Medium,Yes,1
55,Male,26.6,140.0,131.0,153.0,5.5,Low,No,1
36,Female,29.6,137.0,138.0,145.0,5.9,Medium,No,1
32,Female,26.2,146.0,123.0,100.0,5.3,Low,No,1
47,Female,25.0,136.0,157.0,147.0,5.3,Medium,Yes,1
38,Female,18.8,117.0,146.0,97.0,5.1,Medium,Yes,1
49,Female,28.3,147.0,150.0,99.0,6.1,Low,No,1
62,Male,27.2,138.0,146.0,83.0,5.5,Low,Yes,1
18,Female,20.4,124.0,121.0,140.0,5.4,Low,No,0
57,Female,18.5,141.0,146.0,93.0,5.8,Medium,Yes,1
52,Female,26.8,148.0,143.0,,6.0,Medium,No,1
32,Female,,115.0,108.0,136.0,5.5,Medium,Yes,1
53,Female,29.1,142.0,146.0,177.0,5.7,Low,Yes,1
44,Female,21.2,128.0,144.0,106.0,5.1,Low,Yes,1
53,Male,20.4,122.0,141.0,27.0,4.7,High,Yes,1
47,Female,18.2,103.0,154.0,78.0,,High,No,0
39,Female,25.7,146.0,150.0,117.0,5.5,High,Yes,1
41,Female,22.8,167.0,142.0,180.0,5.3,Low,Yes,1
52,Male,21.9,129.0,131.0,96.0,5.4,Medium,No,1
70,Male,23.1,122.0,148.0,144.0,4.9,Low,No,0
31,Male,28.5,140.0,129.0,,6.1,High,Yes,1
18,Female,18.9,124.0,133.0,131.0,5.9,Medium,Yes,1
45,Female,23.6,113.0,192.0,128.0,4.6,High,Yes,1
30,Female,26.0,118.0,132.0,155.0,5.5,Low,No,0
46,Male,26.4,174.0,147.0,191.0,6.3,Low,Yes,1
45,Male,27.3,149.0,153.0,164.0,5.6,Medium,No,1
54,Female,25.1,132.0,157.0,174.0,5.8,Low,No,1
60,Female,32.8,146.0,158.0,131.0,6.0,Medium,Yes,1
27,Male,24.4,124.0,128.0,130.0,5.2,High,No,0
78,Male,32.7,163.0,178.0,145.0,5.8,Medium,Yes,1
42,Male,21.7,113.0,128.0,102.0,5.2,High,No,0
59,Male,27.5,153.0,137.0,123.0,6.2,Low,No,1
63,Male,23.3,123.0,154.0,62.0,5.0,Medium,No,0
59,Male,26.8,134.0,155.0,148.0,5.7,Medium,Yes,1
18,Female,,116.0,118.0,149.0,5.3,Medium,No,0
39,Female,21.2,152.0,128.0,106.0,5.5,Medium,Yes,1
43,Female,27.1,112.0,134.0,121.0,5.4,Medium,No,0
28,Female,17.0,111.0,110.0,164.0,4.5,High,No,0
35,Female,27.3,144.0,141.0,148.0,6.0,Low,No,1
52,Male,26.8,140.0,131.0,76.0,5.5,Low,No,1
18,Female,26.7,148.0,123.0,181.0,5.9,Low,Yes,1
49,Female,26.6,110.0,145.0,55.0,5.2,High,No,0
57,Male,23.4,96.0,141.0,58.0,4.6,High,No,0
54,Male,34.3,149.0,135.0,203.0,3.1,Medium,No,1
69,Female,33.2,131.0,158.0,156.0,4.9,High,No,1
44,Female,30.2,137.0,153.0,105.0,5.2,Low,No,1
23,Male,20.8,127.0,113.0,127.0,6.2,Low,Yes,1
45,Female,24.1,131.0,130.0,49.0,5.6,Medium,No,1
54,Female,30.7,150.0,128.0,117.0,6.1,Low,No,1
44,Female,,144.0,138.0,144.0,5.4,High,No,1
22,Male,27.1,109.0,126.0,154.0,4.7,High,No,0
56,Male,24.5,151.0,143.0,50.0,5.3,Medium,Yes,1
57,Male,30.4,139.0,157.0,102.0,6.1,Medium,No,1
52,Female,31.3,144.0,131.0,216.0,5.0,Medium,Yes,1
48,Male,32.0,131.0,159.0,213.0,5.1,High,No,1
50,Female,22.1,115.0,134.0,135.0,5.2,High,Yes,1
64,Female,27.6,152.0,149.0,116.0,5.6,Low,No,1
46,Female,26.1,145.0,151.0,153.0,5.6,Low,No,1
62,Male,36.3,136.0,150.0,102.0,5.3,Medium,No,1
85,Female,26.6,179.0,154.0,141.0,6.3,Low,Yes,1
22,Male,26.6,118.0,128.0,113.0,5.1,Medium,No,0
79,Female,31.6,141.0,180.0,149.0,5.8,Low,Yes,1
55,Male,22.5,137.0,142.0,135.0,5.2,High,No,1
52,Female,25.0,143.0,158.0,150.0,5.2,Medium,No,1
64,Male,24.0,129.0,151.0,63.0,6.0,Medium,Yes,1
68,Female,24.7,155.0,157.0,170.0,5.5,,Yes,1
50,Female,26.9,144.0,155.0,173.0,6.0,Medium,No,1
37,Male,27.2,150.0,149.0,152.0,6.4,Low,No,1
31,Female,32.3,101.0,147.0,88.0,5.1,High,No,0
59,Female,27.3,139.0,146.0,87.0,6.1,High,No,1
54,Male,24.3,148.0,144.0,81.0,5.6,Low,No,1
68,Female,25.6,134.0,168.0,127.0,5.6,High,Yes,1
57,Female,29.0,139.0,144.0,178.0,5.6,Low,No,1
44,Female,26.1,153.0,140.0,123.0,5.2,Low,No,1
52,Male,25.1,136.0,163.0,114.0,6.2,Medium,Yes,1
43,Male,25.5,127.0,157.0,66.0,5.4,Medium,No,1
59,Male,27.2,115.0,136.0,,5.6,High,No,0
54,Female,25.5,119.0,150.0,180.0,5.6,Low,No,0
47,Male,30.3,134.0,128.0,81.0,5.5,Medium,Yes,1
57,Male,31.9,127.0,154.0,143.0,4.8,Low,Yes,1
41,Female,25.2,145.0,158.0,101.0,6.2,Low,No,1
45,Female,19.9,120.0,128.0,144.0,4.6,Medium,No,0
33,Female,23.7,129.0,137.0,63.0,10.2,High,Yes,1
47,Female,33.0,150.0,145.0,184.0,5.8,Low,No,1
75,Female,24.7,151.0,159.0,131.0,5.7,Medium,,1
59,Male,22.4,143.0,149.0,,,Medium,Yes,1
53,Male,31.8,164.0,158.0,173.0,6.9,Medium,No,1
39,Female,29.4,119.0,150.0,162.0,5.3,High,No,0
26,Female,19.0,114.0,122.0,84.0,5.0,Medium,No,0
63,Male,26.9,128.0,159.0,26.0,6.0,High,Yes,1
45,Female,29.8,159.0,136.0,,6.2,Low,No,1
60,Female,25.4,156.0,144.0,137.0,5.2,Medium,Yes,1
52,Female,27.8,131.0,146.0,154.0,5.1,Low,No,1
47,Female,30.5,143.0,150.0,179.0,5.9,Medium,No,1
38,Male,23.9,124.0,126.0,99.0,5.1,Low,No,0
38,Female,26.0,144.0,139.0,144.0,5.3,Medium,No,1
50,Female,24.8,160.0,151.0,124.0,6.2,Low,Yes,1
35,Female,31.5,298.0,130.0,92.0,5.4,High,Yes,1
56,Male,21.8,120.0,131.0,116.0,5.2,High,No,0
31,Female,24.7,136.0,141.0,112.0,5.4,Medium,No,1
59,Female,28.5,,132.0,162.0,5.4,Medium,Yes,0
57,Male,30.6,172.0,129.0,161.0,6.3,Low,Yes,1
48,Male,18.7,160.0,148.0,106.0,6.1,Low,Yes,1
24,Female,27.1,117.0,124.0,52.0,6.2,High,Yes,1
22,Male,28.2,123.0,115.0,113.0,5.7,High,No,0
53,Female,26.9,165.0,165.0,157.0,6.0,Medium,Yes,1
57,Female,30.2,159.0,155.0,135.0,6.0,Low,Yes,1
66,Male,29.7,163.0,152.0,157.0,6.2,High,Yes,1
71,Female,36.8,175.0,156.0,192.0,6.9,Medium,No,1
83,Female,21.0,126.0,138.0,58.0,5.0,High,No,1
41,Female,30.9,128.0,141.0,,5.3,Medium,No,1
71,Female,19.9,127.0,154.0,91.0,4.9,Medium,No,1
28,Female,19.0,133.0,142.0,75.0,5.4,Medium,Yes,1
58,Male,23.6,150.0,152.0,85.0,5.5,Medium,No,1
43,Male,26.3,123.0,146.0,158.0,5.5,High,No,0
53,Female,24.0,142.0,142.0,136.0,5.8,Low,No,1
57,Male,30.6,123.0,,149.0,5.3,High,Yes,1
30,Female,22.4,123.0,132.0,147.0,5.4,Medium,No,0
35,Female,23.4,132.0,142.0,104.0,5.4,Medium,No,1
51,Female,26.6,148.0,163.0,162.0,5.2,Medium,No,1
49,Female,30.7,137.0,141.0,132.0,5.6,Medium,No,1
79,Female,36.5,164.0,157.0,223.0,6.7,Medium,Yes,1
37,Female,23.9,132.0,143.0,,5.5,Low,No,1
56,Male,22.5,157.0,152.0,113.0,5.7,Low,Yes,1
55,Male,22.5,127.0,126.0,101.0,5.1,Low,No,1
60,Female,25.6,136.0,156.0,139.0,6.1,Low,Yes,1
37,Female,,109.0,139.0,74.0,5.5,Medium,No,0
49,Male,30.4,145.0,169.0,123.0,5.7,Low,No,1
26,Male,,128.0,121.0,92.0,5.7,Low,No,1
26,Female,25.1,133.0,134.0,503.0,5.1,Medium,No,1
55,Female,29.6,140.0,158.0,107.0,5.9,Medium,Yes,1
44,Female,26.4,164.0,125.0,138.0,5.9,Low,No,1
53,Female,21.8,130.0,148.0,165.0,5.3,Medium,No,1
52,Female,,142.0,145.0,131.0,5.7,,Yes,1
50,Male,26.2,158.0,144.0,133.0,5.9,Low,,1
85,Male,27.1,141.0,155.0,153.0,5.9,Medium,Yes,1
56,Female,27.1,140.0,137.0,103.0,5.4,Medium,No,1
63,Female,26.3,149.0,151.0,136.0,5.3,Medium,Yes,1
35,Female,22.6,245.0,148.0,124.0,6.2,Medium,Yes,1
48,Male,30.6,127.0,155.0,132.0,5.8,High,Yes,1
31,Female,22.0,129.0,144.0,144.0,4.9,Medium,No,1
65,Female,19.1,134.0,142.0,116.0,5.6,Medium,No,1
49,Male,25.2,139.0,140.0,149.0,5.1,Low,No,1
26,Male,17.7,136.0,131.0,100.0,5.3,Low,No,1
38,Male,22.0,143.0,127.0,114.0,9.5,Medium,No,1
18,Male,30.9,155.0,117.0,105.0,5.4,Low,No,1
40,Female,25.3,142.0,151.0,90.0,5.6,Low,No,1
85,Male,34.6,281.0,156.0,173.0,6.2,Low,No,1
46,Female,32.1,138.0,150.0,184.0,5.7,High,No,1
28,Female,26.1,104.0,116.0,81.0,4.8,Medium,No,0
48,Male,47.0,152.0,148.0,168.0,5.7,Low,No,1
46,Male,17.0,145.0,135.0,57.0,5.5,Low,Yes,1
62,Female,27.5,163.0,156.0,104.0,6.4,Low,No,1
64,Female,25.9,134.0,136.0,,5.3,Medium,No,1
77,Male,25.9,144.0,168.0,137.0,5.3,Medium,No,1
28,Male,25.4,135.0,142.0,103.0,5.0,Low,No,1
20,Male,23.3,126.0,124.0,97.0,5.4,High,No,1
36,Female,26.7,149.0,132.0,156.0,6.1,Low,No,1
65,Male,25.4,134.0,158.0,122.0,4.6,Medium,Yes,1
36,Female,28.9,143.0,150.0,126.0,5.7,Medium,Yes,1
22,Female,27.1,130.0,139.0,128.0,5.5,Medium,Yes,1
30,Male,29.8,119.0,123.0,115.0,,High,No,0
20,Female,27.8,131.0,125.0,117.0,3.2,Medium,No,1
41,Female,29.3,131.0,140.0,117.0,5.7,High,Yes,1
45,Male,27.3,122.0,137.0,120.0,5.2,Medium,Yes,1
47,Female,20.2,150.0,138.0,49.0,5.8,Low,No,1
46,Male,29.1,145.0,121.0,,5.3,Medium,Yes,1
73,Male,23.2,130.0,153.0,107.0,5.5,High,,1
68,Male,24.4,140.0,151.0,81.0,5.8,Medium,Yes,1
67,Female,21.8,166.0,140.0,112.0,6.0,Medium,Yes,1
18,Female,20.6,138.0,126.0,,4.8,Low,,1
46,Female,22.3,158.0,147.0,106.0,5.8,Low,No,1
33,Male,33.9,149.0,136.0,100.0,5.7,Medium,Yes,1
38,Female,23.7,126.0,132.0,,5.1,Medium,No,1
40,Female,20.5,87.0,146.0,84.0,4.7,High,No,0
40,Female,19.5,104.0,139.0,107.0,5.2,,Yes,0
47,Male,24.8,113.0,142.0,137.0,5.5,High,No,0
43,Female,28.4,144.0,141.0,115.0,6.1,High,Yes,1
60,Male,30.0,142.0,146.0,138.0,5.4,Low,Yes,1
53,Male,27.7,153.0,155.0,175.0,5.9,Medium,Yes,1
36,Male,23.9,157.0,152.0,321.0,6.1,Low,Yes,1
69,Female,32.1,153.0,142.0,128.0,6.3,Medium,No,1
47,Male,35.8,171.0,142.0,126.0,7.0,Medium,No,1
53,Female,26.7,145.0,160.0,83.0,5.2,Medium,Yes,1
55,Male,20.7,122.0,149.0,46.0,5.1,Medium,No,0
32,Female,27.3,146.0,145.0,,5.9,Medium,Yes,1
48,Male,27.7,124.0,157.0,100.0,5.7,Low,Yes,1
58,Female,25.4,144.0,154.0,,5.1,Low,Yes,1
43,Female,28.8,136.0,145.0,124.0,5.9,Low,Yes,1
60,Female,25.5,135.0,104.0,161.0,5.8,Medium,Yes,1
53,Female,21.7,151.0,163.0,165.0,5.5,High,No,1
43,Female,17.0,135.0,130.0,57.0,5.5,Low,Yes,1
27,Male,26.6,162.0,128.0,154.0,5.9,Low,Yes,1
68,Female,27.7,136.0,142.0,430.0,5.4,Medium,No,1
42,Male,31.0,127.0,142.0,120.0,5.2,Medium,No,1
53,Male,29.1,108.0,137.0,153.0,5.6,Medium,No,0
24,Male,23.8,148.0,123.0,140.0,5.6,Low,Yes,1
20,Male,27.3,132.0,113.0,124.0,5.5,Medium,No,1
46,Female,25.1,118.0,137.0,174.0,5.3,Low,No,0
47,Female,21.1,141.0,137.0,549.0,5.7,High,Yes,1
29,Male,23.6,133.0,125.0,91.0,5.0,High,No,1
31,Male,18.7,123.0,116.0,149.0,5.6,Medium,Yes,1
53,Male,24.2,126.0,137.0,,4.9,Medium,Yes,1
45,Male,28.1,155.0,139.0,130.0,5.9,Low,Yes,1
63,Female,29.7,163.0,142.0,140.0,6.3,Low,No,1
44,Female,19.0,141.0,141.0,79.0,5.2,Medium,No,1
68,Male,25.4,156.0,153.0,129.0,6.1,Low,Yes,1
46,Male,,142.0,138.0,103.0,5.1,Medium,Yes,1
46,Female,33.5,157.0,145.0,126.0,6.2,Low,No,1
64,Female,22.1,144.0,157.0,116.0,5.3,High,No,1
51,Female,17.0,140.0,149.0,169.0,5.8,Low,Yes,1
53,Male,26.0,113.0,150.0,136.0,5.3,Medium,No,0
41,Female,30.5,151.0,142.0,189.0,5.4,Low,No,1
38,Male,21.1,135.0,125.0,73.0,5.5,Medium,No,1
57,Male,23.8,144.0,150.0,135.0,5.6,Low,No,1
61,Male,24.6,144.0,165.0,30.0,5.9,Medium,No,1
21,Male,27.2,122.0,131.0,123.0,5.0,Medium,Yes,1
39,Male,19.0,132.0,129.0,122.0,5.5,Medium,Yes,1
57,Male,25.7,141.0,137.0,128.0,5.1,High,Yes,1
44,Male,25.3,117.0,,109.0,5.3,Medium,No,0
42,Male,24.1,155.0,129.0,74.0,5.9,Medium,No,1
36,Female,27.3,146.0,127.0,185.0,6.3,Medium,Yes,1
56,Female,32.1,135.0,165.0,99.0,5.3,Medium,No,1
58,Female,,161.0,145.0,151.0,6.1,Low,Yes,1
36,Female,23.7,136.0,130.0,183.0,5.6,Medium,No,1
85,Female,33.4,183.0,155.0,142.0,6.7,High,No,1
40,Male,33.6,148.0,154.0,153.0,5.9,Medium,Yes,1
42,Male,29.7,,170.0,151.0,5.1,High,Yes,0
31,Male,22.5,117.0,114.0,137.0,4.2,High,No,0
46,Female,30.0,184.0,141.0,172.0,6.3,Medium,Yes,1
53,Female,27.4,129.0,126.0,163.0,6.0,High,No,1
45,Female,26.2,135.0,140.0,157.0,5.4,Low,No,1
58,Female,27.8,128.0,149.0,143.0,5.6,Medium,Yes,1
58,Male,27.0,151.0,147.0,135.0,6.3,Medium,Yes,1
53,Male,23.7,119.0,143.0,118.0,5.4,Medium,No,0
60,Male,26.7,129.0,162.0,114.0,5.6,High,No,1
52,Male,19.4,128.0,141.0,106.0,5.2,Medium,No,1
37,Female,21.4,92.0,148.0,70.0,5.0,High,No,0
24,Female,23.6,121.0,123.0,131.0,5.0,High,No,0
48,Female,24.1,136.0,131.0,129.0,5.4,Medium,No,1
51,Male,21.1,135.0,205.0,92.0,5.2,Medium,Yes,1
18,Female,,120.0,137.0,182.0,4.5,Low,No,0
55,Male,26.2,129.0,160.0,175.0,5.2,Medium,Yes,1
28,Female,20.5,134.0,130.0,39.0,5.8,High,Yes,1
54,Male,25.8,106.0,152.0,138.0,5.9,High,,0
25,Female,32.7,95.0,105.0,106.0,5.5,High,Yes,0
43,Male,24.6,155.0,126.0,125.0,5.2,High,No,1
67,Male,26.7,146.0,157.0,122.0,12.3,Low,No,1
48,Male,20.2,114.0,144.0,,4.6,Low,No,0
48,Female,27.9,163.0,143.0,157.0,6.1,High,Yes,1
45,Female,22.7,148.0,128.0,183.0,5.6,Low,Yes,1
33,Male,35.7,138.0,154.0,96.0,6.4,High,No,1
71,Female,23.5,148.0,163.0,103.0,5.4,Low,No,1
41,Male,37.4,139.0,145.0,89.0,5.4,Low,No,1
59,Male,21.6,137.0,152.0,145.0,5.8,Low,Yes,1
45,Male,21.3,152.0,132.0,106.0,5.6,Medium,Yes,1
57,Female,22.6,123.0,148.0,132.0,5.6,Medium,No,0
28,Male,25.6,136.0,142.0,93.0,5.0,Medium,Yes,1
63,Male,18.4,136.0,145.0,94.0,6.1,Medium,Yes,1
64,Male,35.7,151.0,148.0,205.0,6.2,High,No,1
61,Male,24.0,182.0,139.0,93.0,6.3,Low,No,1
80,Female,24.5,157.0,148.0,135.0,6.2,Low,Yes,1
54,Female,27.5,121.0,138.0,113.0,5.2,Medium,Yes,1
51,Male,24.9,142.0,138.0,170.0,5.1,High,Yes,1
45,Female,19.7,105.0,137.0,56.0,5.3,High,No,0
65,Male,22.3,150.0,136.0,200.0,5.5,High,Yes,1
40,Male,28.8,136.0,137.0,191.0,5.5,Low,Yes,1
32,Male,22.2,125.0,115.0,,4.7,Medium,No,0
38,Female,27.8,145.0,137.0,163.0,5.5,Medium,No,1
51,Female,20.0,119.0,144.0,158.0,5.2,Low,No,0
42,Male,28.4,138.0,132.0,154.0,5.3,Medium,No,1
59,Male,,126.0,137.0,150.0,5.0,Medium,No,1
47,Female,17.2,158.0,156.0,153.0,5.3,Medium,No,1
36,Female,25.5,115.0,132.0,112.0,,High,No,0
44,Male,24.0,144.0,138.0,130.0,5.3,High,Yes,1
36,Female,23.8,134.0,125.0,113.0,4.8,Medium,No,1
37,Female,24.3,111.0,123.0,161.0,5.4,Medium,No,0
48,Female,23.5,114.0,127.0,130.0,5.1,High,Yes,1
48,Male,25.4,149.0,129.0,115.0,5.7,Medium,Yes,1
42,Female,28.7,129.0,140.0,126.0,6.3,Medium,No,1
47,Male,23.8,135.0,137.0,67.0,5.4,Medium,Yes,1
52,Female,33.4,147.0,146.0,217.0,5.7,Medium,No,1
38,Female,28.8,140.0,136.0,103.0,5.4,Medium,No,1
85,Male,30.7,124.0,185.0,113.0,5.7,High,No,1
36,Male,32.3,,148.0,129.0,5.7,High,No,0
39,Female,31.6,135.0,150.0,150.0,4.7,Low,No,1
56,Male,21.3,139.0,140.0,137.0,4.7,Medium,No,1
74,Female,28.8,144.0,163.0,181.0,6.2,High,No,1
67,Female,33.4,142.0,156.0,135.0,5.8,High,No,1
28,Female,29.3,134.0,140.0,134.0,5.9,High,No,1
30,Male,24.9,134.0,119.0,145.0,4.9,Medium,Yes,1
26,Male,25.1,135.0,124.0,126.0,5.9,High,No,1
66,Male,25.5,164.0,158.0,124.0,5.7,Medium,Yes,1
54,Male,25.4,131.0,134.0,167.0,5.7,Medium,No,1
58,Male,52.2,113.0,157.0,,4.5,High,Yes,1
25,Female,24.6,141.0,89.0,135.0,5.9,Medium,Yes,1
76,Female,24.4,152.0,149.0,132.0,6.0,Medium,Yes,1
50,Male,23.9,142.0,139.0,98.0,5.2,High,No,1
18,Male,26.0,149.0,126.0,108.0,6.2,Low,No,1
39,Male,22.1,119.0,133.0,135.0,5.2,Medium,No,0
53,Female,25.7,100.0,160.0,,5.0,Medium,Yes,0
62,Female,28.5,186.0,158.0,207.0,6.9,Low,No,1
52,Female,30.7,138.0,140.0,147.0,5.6,Low,No,1
58,Female,23.5,126.0,152.0,87.0,5.4,High,Yes,1
41,Male,25.8,140.0,135.0,130.0,,Medium,No,1
56,Female,30.2,141.0,163.0,121.0,5.5,Low,No,1
24,Male,22.7,94.0,144.0,82.0,4.2,High,No,0
53,Male,25.8,140.0,130.0,118.0,5.3,Low,No,1
35,Male,23.0,138.0,110.0,193.0,6.0,Low,No,1
48,Male,24.1,77.0,132.0,,6.1,Low,Yes,0
56,Female,31.2,119.0,149.0,,,,No,1
61,Male,25.4,153.0,161.0,203.0,5.4,Medium,Yes,1
64,Female,26.8,136.0,138.0,156.0,5.9,Medium,No,1
32,Male,20.7,126.0,142.0,129.0,6.3,Low,No,1
49,Male,23.1,,138.0,150.0,4.8,Low,No,0
67,Male,26.0,178.0,153.0,95.0,6.4,Medium,No,1
35,Female,35.1,,125.0,143.0,5.9,High,No,0
59,Female,23.9,139.0,171.0,122.0,4.9,Low,No,1
64,Female,29.2,159.0,137.0,110.0,6.5,Medium,Yes,1
38,Male,25.6,118.0,148.0,164.0,5.2,Low,No,0
35,Male,25.2,156.0,130.0,121.0,6.6,Low,Yes,1
42,Female,28.5,167.0,137.0,265.0,6.3,Low,Yes,1
70,Female,25.2,116.0,162.0,119.0,5.6,High,No,0
60,Male,24.3,163.0,171.0,93.0,6.4,Low,Yes,1
34,Female,21.4,125.0,119.0,87.0,5.4,Medium,No,0
46,Female,21.8,,143.0,152.0,5.3,Medium,No,0
56,Male,30.2,157.0,140.0,113.0,6.3,Medium,Yes,1
46,Male,25.1,147.0,119.0,155.0,5.8,Low,No,1
26,Female,30.6,,135.0,149.0,,Medium,No,0
62,Female,20.0,154.0,150.0,133.0,5.3,Low,No,1
34,Male,25.7,146.0,139.0,169.0,5.8,Medium,Yes,1
69,Female,30.7,176.0,149.0,146.0,6.3,Medium,Yes,1
33,Male,21.0,123.0,145.0,151.0,4.7,Medium,No,0
36,Male,25.8,129.0,135.0,180.0,5.3,High,Yes,1
65,Male,35.3,145.0,148.0,152.0,6.8,Medium,No,1
52,Female,30.7,142.0,142.0,124.0,5.9,Medium,Yes,1
73,Female,28.6,139.0,147.0,152.0,5.5,High,Yes,1
58,Male,37.1,163.0,144.0,218.0,5.9,Low,Yes,1
55,Female,22.1,135.0,139.0,122.0,5.7,Medium,No,1
18,Male,27.8,141.0,164.0,174.0,5.8,Low,Yes,1
52,Female,17.0,125.0,148.0,134.0,4.9,Low,No,0
63,Female,24.3,119.0,164.0,93.0,5.2,Medium,No,0
64,Female,37.3,163.0,162.0,206.0,6.5,,No,1
53,Male,20.2,146.0,146.0,107.0,5.8,Medium,Yes,1
53,Female,30.3,159.0,158.0,129.0,6.1,Medium,No,1
66,Female,30.0,138.0,159.0,117.0,6.1,High,Yes,1
48,Male,25.4,123.0,131.0,179.0,5.8,Medium,No,0
68,Male,17.0,103.0,146.0,72.0,4.5,High,No,0
57,Female,25.4,155.0,152.0,169.0,5.8,Medium,Yes,1
53,Male,24.9,134.0,139.0,65.0,5.7,Medium,Yes,1
73,Female,28.6,,164.0,139.0,6.1,Medium,Yes,0
57,Female,25.2,130.0,,120.0,5.0,High,Yes,1
60,Female,24.0,127.0,137.0,93.0,5.4,Medium,No,1
39,Female,18.0,154.0,140.0,103.0,5.0,Low,Yes,1
63,Male,,162.0,170.0,190.0,6.5,Low,No,1
39,Female,22.1,122.0,141.0,103.0,5.2,Medium,Yes,1
73,Female,30.1,109.0,164.0,92.0,5.3,High,No,1
37,Female,22.2,116.0,123.0,118.0,5.1,,No,0
64,Female,25.9,136.0,141.0,147.0,5.9,Medium,No,1
40,Male,21.7,149.0,145.0,125.0,5.7,Medium,,1
44,Female,32.2,153.0,85.0,148.0,6.3,Low,Yes,1
49,Male,26.3,165.0,142.0,175.0,6.5,Low,No,1
40,Male,23.7,162.0,78.0,213.0,6.0,Low,Yes,1
45,Female,27.4,157.0,141.0,117.0,6.3,Medium,No,1
45,Male,21.8,106.0,111.0,139.0,4.9,High,No,0
18,Male,22.5,111.0,115.0,113.0,4.4,High,No,0
33,Male,24.7,105.0,111.0,79.0,4.2,Medium,No,0
53,Female,32.6,150.0,130.0,112.0,5.8,Medium,No,1
18,Male,,120.0,126.0,132.0,,Medium,No,0
18,Female,27.1,130.0,113.0,89.0,6.0,Medium,Yes,1
73,Male,28.8,124.0,163.0,130.0,5.2,High,No,0
53,Female,31.3,144.0,125.0,133.0,,Medium,No,1
24,Female,22.1,146.0,133.0,124.0,5.6,Medium,No,1
44,Female,21.0,130.0,119.0,136.0,5.1,Low,Yes,1
22,Male,22.0,127.0,121.0,149.0,5.7,Medium,Yes,1
43,Male,31.6,133.0,,,6.1,Medium,No,1
50,Female,20.0,134.0,149.0,121.0,5.5,Medium,Yes,1
32,Female,23.0,92.0,140.0,118.0,4.7,Medium,No,0
44,Male,27.5,161.0,128.0,171.0,5.8,Low,Yes,1
85,Female,29.0,171.0,,121.0,6.2,Low,No,1
65,Male,25.5,130.0,143.0,127.0,5.6,Medium,No,1
43,Male,29.7,144.0,140.0,141.0,5.7,Low,Yes,1
32,Male,26.5,111.0,133.0,119.0,4.6,Medium,No,0
27,Female,26.5,107.0,120.0,111.0,4.0,High,No,0
48,Female,21.0,130.0,139.0,143.0,6.0,Medium,No,1
54,Female,22.0,135.0,176.0,144.0,5.8,Low,No,1
35,Female,19.8,119.0,138.0,116.0,5.0,Medium,No,0
38,Female,28.6,138.0,137.0,156.0,5.2,High,No,1
19,Female,25.7,93.0,141.0,118.0,4.7,High,No,0
59,Female,,173.0,140.0,137.0,6.2,Medium,Yes,1
85,Female,21.3,128.0,163.0,79.0,5.4,Medium,,1
71,Female,24.3,172.0,156.0,114.0,5.5,Low,Yes,1
50,Male,26.9,146.0,141.0,140.0,4.2,Medium,No,1
51,Male,35.1,138.0,147.0,115.0,5.7,High,,1
49,Male,22.5,142.0,136.0,89.0,6.0,High,No,1
25,Male,25.3,132.0,114.0,147.0,5.2,High,Yes,1
25,Female,25.9,145.0,129.0,157.0,6.2,High,No,1
26,Male,25.3,157.0,115.0,148.0,6.0,Low,Yes,1
34,Male,22.4,125.0,119.0,95.0,5.4,Medium,Yes,1
45,Male,18.0,145.0,137.0,72.0,6.0,Medium,No,1
53,Female,33.1,125.0,141.0,108.0,5.6,High,No,1
52,Male,29.9,142.0,146.0,165.0,5.0,Medium,No,1
24,Female,,187.0,127.0,187.0,5.9,,,1
64,Male,29.7,146.0,151.0,148.0,6.2,Low,Yes,1
44,Female,23.5,117.0,127.0,103.0,4.5,Medium,No,0
18,Male,28.2,124.0,111.0,131.0,6.0,Medium,Yes,1
45,Male,24.5,146.0,150.0,131.0,5.9,Low,Yes,1
84,Male,33.5,186.0,159.0,111.0,6.6,Low,No,1
63,Female,30.9,187.0,153.0,133.0,6.5,Medium,Yes,1
52,Female,18.2,119.0,141.0,80.0,5.4,Low,No,0
79,Female,30.7,169.0,157.0,110.0,5.9,Medium,No,1
62,Male,29.9,152.0,152.0,159.0,10.0,,Yes,1
57,Male,27.5,138.0,151.0,110.0,5.6,Medium,No,1
31,Female,24.2,,134.0,175.0,5.9,Low,Yes,0
76,Male,27.8,144.0,,,5.7,Low,No,1
56,Male,23.6,125.0,139.0,66.0,,Low,Yes,1
48,Female,23.5,129.0,145.0,119.0,5.7,Medium,No,1
39,Female,22.5,85.0,148.0,102.0,4.4,High,No,0
45,Female,25.7,138.0,142.0,122.0,6.0,Medium,No,1
53,Female,21.5,151.0,219.0,195.0,5.7,Low,No,1
41,Female,29.1,131.0,129.0,113.0,5.3,,No,1
48,Male,25.5,161.0,141.0,216.0,6.5,Low,Yes,1
75,Male,34.2,158.0,165.0,643.0,6.6,Low,No,1
23,Male,21.3,108.0,128.0,85.0,4.7,Medium,No,0
44,Male,23.7,101.0,124.0,61.0,4.7,Medium,No,0
42,Female,17.9,,129.0,85.0,4.8,High,No,0
34,Female,17.5,115.0,132.0,116.0,4.8,Medium,Yes,1
45,Male,24.0,121.0,,183.0,5.5,Medium,Yes,1
52,Male,28.4,130.0,152.0,149.0,5.5,Medium,Yes,1
51,Male,28.8,146.0,144.0,100.0,6.0,Medium,No,1
56,Female,22.7,102.0,132.0,96.0,12.8,Medium,Yes,1
58,Male,29.8,131.0,151.0,85.0,5.3,High,No,1
44,Female,22.9,123.0,131.0,91.0,5.2,Low,No,0
63,Male,18.6,98.0,157.0,58.0,4.9,High,No,0
53,Male,27.0,105.0,132.0,121.0,4.7,Medium,No,0
57,Female,29.2,139.0,155.0,146.0,5.4,High,Yes,1
50,Male,24.1,134.0,144.0,,5.3,Medium,No,1
18,Male,23.7,121.0,133.0,133.0,4.9,High,No,0
37,Male,24.5,121.0,151.0,102.0,5.4,Low,No,0
54,Male,30.7,,145.0,94.0,5.4,Medium,No,1
60,Male,22.7,147.0,146.0,177.0,6.3,Medium,Yes,1
42,Female,22.3,,133.0,82.0,5.3,High,No,0
47,Female,32.2,115.0,142.0,129.0,5.7,High,Yes,1
53,Female,23.1,123.0,146.0,169.0,5.1,Medium,No,0
18,Male,21.4,112.0,105.0,48.0,5.5,High,No,0
62,Female,22.1,155.0,137.0,162.0,6.3,Low,Yes,1
78,Male,25.4,139.0,174.0,115.0,6.0,Medium,Yes,1
37,Female,32.7,146.0,121.0,214.0,5.6,Medium,Yes,1
53,Female,27.5,306.0,149.0,158.0,5.1,Medium,Yes,1
71,Female,31.4,122.0,152.0,181.0,5.4,High,No,1
54,Female,29.2,164.0,145.0,184.0,6.2,Low,No,1
45,Female,21.8,144.0,115.0,129.0,6.3,Medium,No,1
40,Male,23.1,127.0,137.0,116.0,5.7,Medium,No,1
37,Female,27.2,93.0,135.0,90.0,5.3,High,Yes,0
48,Female,23.8,127.0,144.0,83.0,5.4,Low,Yes,1
38,Male,30.6,154.0,127.0,148.0,6.2,Medium,Yes,1
66,Male,23.2,170.0,157.0,100.0,6.1,Low,Yes,1
79,Male,19.7,142.0,146.0,155.0,5.9,Medium,Yes,1
53,Female,29.4,156.0,144.0,113.0,6.1,Low,No,1
52,Female,22.7,131.0,153.0,141.0,4.9,High,Yes,1
56,Male,27.3,122.0,159.0,174.0,5.6,High,No,0
31,Female,20.0,146.0,108.0,99.0,6.0,Low,No,1
38,Male,28.2,145.0,132.0,128.0,5.9,Medium,No,1
61,Male,27.4,137.0,160.0,,5.6,Medium,No,1
37,Female,27.3,137.0,134.0,138.0,5.8,Medium,Yes,1
48,Male,27.2,145.0,141.0,107.0,5.4,Medium,Yes,1
47,Male,28.5,140.0,133.0,143.0,5.6,Low,No,1
38,Female,25.0,126.0,153.0,191.0,5.8,High,Yes,1
59,Female,29.0,142.0,150.0,,6.0,High,No,1
49,Female,19.6,118.0,144.0,169.0,5.1,Medium,No,0
68,Male,29.8,172.0,164.0,193.0,6.2,Low,No,1
35,Female,24.6,99.0,144.0,104.0,5.0,Medium,No,0
65,Female,27.2,147.0,,152.0,6.1,Low,Yes,1
65,Female,22.5,142.0,160.0,59.0,,High,Yes,1
54,Female,27.5,154.0,129.0,110.0,6.2,Medium,No,1
63,Female,19.6,133.0,153.0,106.0,4.9,Medium,Yes,1
41,Male,18.8,130.0,155.0,97.0,9.9,Medium,No,1
31,Female,26.2,117.0,143.0,146.0,5.0,Low,Yes,1
79,Male,32.1,170.0,135.0,159.0,6.4,Low,Yes,1
43,Male,28.0,139.0,138.0,,5.3,Low,No,1
32,Female,19.6,129.0,148.0,98.0,13.6,Low,No,1
39,Female,23.2,139.0,129.0,118.0,5.7,Low,Yes,1
67,Female,28.6,135.0,148.0,169.0,5.0,High,No,1
60,Female,27.0,181.0,144.0,155.0,5.6,High,No,1
77,Female,29.2,160.0,179.0,206.0,5.5,Low,Yes,1
32,Male,22.5,124.0,131.0,86.0,5.6,Medium,No,0
28,Male,25.0,163.0,141.0,122.0,6.3,Medium,Yes,1
45,Female,23.2,139.0,129.0,150.0,5.2,Low,Yes,1
85,Female,29.4,138.0,163.0,142.0,5.7,High,No,1
52,Female,29.6,149.0,147.0,107.0,5.6,Medium,No,1
59,Male,23.5,121.0,136.0,443.0,4.9,Medium,No,0
39,Male,25.5,133.0,,75.0,5.5,Low,No,1
23,Male,23.0,131.0,129.0,110.0,4.5,High,Yes,1
39,Female,27.4,158.0,134.0,170.0,5.6,Low,No,1
52,Male,26.8,126.0,144.0,128.0,5.5,Medium,No,1
41,Female,20.5,110.0,136.0,137.0,5.2,Medium,No,0
72,Female,28.3,,149.0,101.0,5.0,High,No,0
64,Male,19.5,124.0,156.0,112.0,5.0,High,Yes,1
52,Female,31.6,151.0,148.0,156.0,5.3,Medium,Yes,1
30,Male,24.9,146.0,112.0,129.0,5.7,Low,No,1
49,Male,25.7,130.0,158.0,106.0,5.5,Medium,No,1
34,Female,30.3,116.0,123.0,113.0,5.5,Medium,No,0
62,Female,24.0,121.0,149.0,142.0,4.7,Low,No,0
33,Female,25.3,154.0,129.0,152.0,6.3,Low,No,1
26,Male,21.5,137.0,134.0,97.0,6.0,Medium,No,1
36,Female,30.8,148.0,152.0,148.0,5.8,Medium,No,1
48,Female,28.8,143.0,147.0,124.0,6.2,Medium,Yes,1
37,Male,23.5,106.0,207.0,73.0,4.9,Medium,No,0
47,Male,27.8,139.0,136.0,49.0,5.7,Medium,No,1
53,Male,25.3,119.0,143.0,85.0,5.4,Medium,Yes,1
43,Male,37.6,134.0,141.0,186.0,6.1,Medium,No,1
28,Female,28.7,147.0,131.0,106.0,5.5,Medium,No,1
39,Male,25.5,121.0,137.0,164.0,5.1,Medium,No,0
64,Female,23.0,144.0,,126.0,5.8,Medium,No,1
44,Female,24.3,160.0,117.0,,5.6,Medium,Yes,1
60,Female,24.2,154.0,146.0,,6.9,Medium,No,1
77,Male,30.0,171.0,134.0,142.0,5.9,Low,Yes,1
44,Male,24.8,148.0,135.0,136.0,5.8,Low,No,1
43,Male,27.0,143.0,138.0,159.0,4.6,Low,Yes,1
43,Female,23.4,135.0,137.0,160.0,4.8,Medium,No,1
36,Male,28.2,136.0,154.0,75.0,,High,Yes,1
65,Female,22.4,123.0,155.0,84.0,5.4,Medium,No,0
46,Female,28.5,,138.0,151.0,6.0,Medium,Yes,0
39,Male,23.2,140.0,146.0,129.0,5.1,Low,Yes,1
63,Male,22.6,135.0,145.0,164.0,5.5,High,Yes,1
45,Female,25.8,156.0,126.0,173.0,6.3,Low,No,1
44,Male,26.1,151.0,143.0,108.0,6.0,Low,No,1
70,Female,29.7,155.0,145.0,145.0,8.8,Medium,No,1
46,Female,35.8,123.0,161.0,177.0,5.1,Medium,No,1
65,Female,28.9,188.0,138.0,59.0,6.4,Low,Yes,1
18,Male,24.3,146.0,132.0,182.0,5.5,Medium,No,1
50,Female,20.7,153.0,166.0,88.0,5.9,Low,No,1
45,Male,23.7,127.0,121.0,,4.8,Medium,Yes,1
60,Female,27.8,150.0,166.0,95.0,6.4,Medium,,1
67,Male,32.4,147.0,177.0,40.0,5.4,Medium,No,1
57,Female,23.7,150.0,131.0,,5.4,Medium,No,1
35,Female,,112.0,139.0,77.0,5.1,Medium,No,0
63,Female,23.2,150.0,150.0,109.0,6.2,High,Yes,1
49,Male,19.2,129.0,,134.0,5.4,Medium,No,1
46,Female,33.9,165.0,127.0,138.0,5.7,Medium,Yes,1
66,Male,25.1,141.0,158.0,123.0,6.0,Medium,No,1
40,Male,24.6,158.0,135.0,141.0,6.6,Low,No,1
42,Male,27.4,134.0,129.0,112.0,6.1,Medium,Yes,1
51,Male,,148.0,162.0,119.0,5.5,Low,No,1
66,Female,34.6,147.0,152.0,177.0,5.6,High,No,1
51,Male,,115.0,135.0,,5.0,High,No,0
63,Male,21.3,,152.0,106.0,6.0,Medium,No,0
78,Male,34.3,162.0,162.0,177.0,6.6,Medium,No,1
78,Male,26.5,158.0,150.0,154.0,,Medium,No,1
54,Male,22.1,129.0,145.0,162.0,5.4,,No,1
44,Male,19.0,132.0,133.0,179.0,5.1,High,No,1
22,Female,20.3,104.0,130.0,87.0,4.9,Medium,No,0
60,Male,23.6,133.0,142.0,77.0,5.4,Medium,Yes,1
44,Male,21.2,105.0,140.0,103.0,5.0,High,No,0
56,Male,24.0,146.0,126.0,221.0,5.9,Medium,Yes,1
18,Male,21.4,86.0,120.0,101.0,5.4,Low,Yes,0
52,Female,,166.0,142.0,120.0,6.1,Medium,Yes,1
70,Male,21.6,117.0,143.0,107.0,5.4,Medium,No,0
48,Female,28.1,163.0,147.0,162.0,5.9,High,,1
19,Male,22.1,140.0,122.0,175.0,5.7,Low,No,1
34,Female,18.8,112.0,123.0,141.0,5.1,Medium,No,0
52,Male,20.3,110.0,129.0,171.0,4.9,Medium,No,0
33,Male,23.8,120.0,128.0,129.0,4.3,Low,No,0
37,Female,24.4,146.0,127.0,142.0,5.2,Medium,No,1
49,Male,26.6,144.0,140.0,123.0,5.1,Low,Yes,1
50,Male,23.0,110.0,150.0,86.0,5.4,Low,No,0
63,Male,26.4,179.0,161.0,122.0,6.0,Medium,No,1
32,Male,32.4,148.0,132.0,132.0,12.1,Low,No,1
51,Male,30.3,168.0,159.0,142.0,6.3,Low,Yes,1
59,Female,,128.0,146.0,116.0,5.7,High,No,1
41,Female,29.1,145.0,129.0,181.0,,Medium,Yes,1
49,Female,28.1,153.0,156.0,126.0,5.2,High,,1
48,Female,25.0,,143.0,121.0,6.0,High,No,0
48,Male,27.7,161.0,152.0,111.0,6.3,Low,Yes,1
42,Female,24.4,119.0,155.0,59.0,5.3,Medium,No,0
85,Female,32.5,179.0,187.0,206.0,6.5,Medium,Yes,1
46,Female,27.2,142.0,144.0,210.0,5.8,High,Yes,1
31,Male,30.8,129.0,130.0,89.0,5.6,High,Yes,1
27,Male,26.2,140.0,125.0,79.0,6.0,,Yes,1
85,Female,27.9,145.0,153.0,158.0,5.7,Medium,Yes,1
35,Male,23.0,127.0,131.0,136.0,5.2,High,No,1
39,Male,26.2,141.0,147.0,189.0,5.5,Medium,Yes,1
37,Female,25.4,133.0,134.0,119.0,5.5,Low,Yes,1
30,Female,22.8,148.0,123.0,137.0,6.2,Low,No,1
69,Male,29.6,155.0,159.0,193.0,6.0,Medium,No,1
49,Female,19.8,108.0,128.0,108.0,4.9,Medium,No,0
48,Female,32.1,171.0,147.0,201.0,5.9,Medium,Yes,1
65,Male,22.1,145.0,150.0,180.0,5.4,Medium,Yes,1
74,Male,24.3,154.0,164.0,127.0,6.0,Low,No,1
65,Male,24.5,143.0,150.0,103.0,6.1,High,Yes,1
22,Female,22.8,137.0,125.0,,5.8,,Yes,1
48,Female,20.4,130.0,141.0,136.0,5.2,High,No,1
59,Female,25.7,137.0,161.0,48.0,5.3,Low,Yes,1
56,Male,22.7,137.0,145.0,121.0,5.2,Medium,No,1
24,Male,25.7,142.0,109.0,188.0,5.7,Medium,No,1
47,Female,27.9,135.0,144.0,126.0,5.6,Low,Yes,1
59,Female,24.5,127.0,140.0,122.0,5.8,Medium,No,1
40,Female,24.3,120.0,,137.0,4.4,High,No,0
27,Female,22.8,113.0,131.0,82.0,4.8,Medium,No,0
61,Female,24.6,130.0,151.0,107.0,5.0,Medium,No,1
73,Female,26.3,144.0,130.0,122.0,5.4,Low,No,1
41,Male,22.3,158.0,127.0,150.0,5.9,Low,Yes,1
39,Male,26.4,114.0,138.0,149.0,4.4,Medium,Yes,1
51,Female,26.9,137.0,142.0,114.0,5.4,Low,No,1
58,Female,,120.0,139.0,107.0,5.6,Low,No,0
45,Male,24.9,128.0,121.0,148.0,5.4,Medium,No,1
30,Male,22.2,120.0,131.0,150.0,5.3,Low,Yes,1
57,Female,21.2,95.0,143.0,100.0,5.2,High,No,0
49,Male,30.2,150.0,151.0,167.0,5.4,Low,No,1
54,Female,27.4,164.0,152.0,166.0,6.1,Low,No,1
53,Male,19.4,145.0,136.0,128.0,5.7,Medium,Yes,1
55,Male,28.8,147.0,148.0,103.0,5.7,Medium,Yes,1
41,Male,27.6,152.0,148.0,,6.1,Low,No,1
74,Male,28.3,159.0,154.0,135.0,5.8,Medium,No,1
48,Female,23.5,147.0,131.0,117.0,6.1,Medium,Yes,1
45,Female,21.4,140.0,160.0,100.0,5.4,Low,No,1
43,Male,30.7,157.0,140.0,202.0,6.5,High,Yes,1
59,Male,28.6,157.0,150.0,138.0,6.1,Medium,Yes,1
59,Female,,146.0,152.0,146.0,5.8,High,No,1
25,Female,24.9,96.0,133.0,107.0,4.4,High,No,0
48,Male,29.3,127.0,129.0,130.0,5.5,High,No,1
41,Male,21.7,134.0,129.0,69.0,5.7,Medium,Yes,1
46,Female,17.6,132.0,143.0,140.0,5.0,High,No,1
34,Male,33.6,126.0,121.0,153.0,5.7,High,No,1
54,Male,29.4,138.0,139.0,159.0,5.8,Low,Yes,1
47,Female,26.0,156.0,138.0,175.0,6.1,Low,,1
76,Male,22.4,159.0,139.0,91.0,6.1,Medium,Yes,1
44,Female,23.7,156.0,149.0,111.0,6.0,Medium,No,1
40,Female,19.0,47.0,138.0,25.0,5.4,Medium,No,0
54,Male,25.6,142.0,149.0,85.0,5.5,Low,Yes,1
53,Female,,167.0,148.0,150.0,5.8,Low,No,1
61,Male,,161.0,150.0,144.0,5.7,High,Yes,1
53,Male,30.1,168.0,166.0,174.0,5.9,Medium,Yes,1
55,Female,21.4,132.0,139.0,,4.9,Medium,Yes,1
49,Female,22.0,169.0,147.0,148.0,5.9,Medium,Yes,1
54,Male,27.3,146.0,132.0,108.0,10.8,Medium,No,1
51,Female,22.8,106.0,142.0,139.0,5.0,High,No,0
43,Male,22.5,113.0,138.0,,4.8,Medium,No,0
46,Female,23.1,128.0,153.0,44.0,5.6,,No,1
49,Female,25.7,139.0,169.0,163.0,5.6,Medium,No,1
38,Female,24.9,122.0,139.0,105.0,5.5,Low,No,0
40,Male,27.3,143.0,143.0,159.0,5.2,High,Yes,1
35,Female,19.2,144.0,124.0,163.0,5.9,Medium,Yes,1
42,Male,32.8,125.0,144.0,100.0,5.1,Medium,Yes,1
50,Female,23.0,124.0,139.0,109.0,5.0,Medium,No,0
37,Female,31.6,146.0,142.0,155.0,6.5,Medium,No,1
54,Male,21.9,107.0,145.0,115.0,5.5,Low,No,0
42,Male,18.5,120.0,135.0,73.0,5.4,Low,No,0
51,Male,27.9,147.0,141.0,169.0,,,Yes,1
48,Female,28.8,134.0,153.0,135.0,6.1,High,Yes,1
39,Male,23.1,122.0,136.0,145.0,5.2,Low,No,0
30,Female,27.8,137.0,148.0,181.0,5.1,Medium,No,1
45,Female,29.9,150.0,148.0,178.0,5.8,Low,No,1
55,Female,23.4,121.0,143.0,152.0,5.1,Medium,No,0
49,Female,,127.0,109.0,100.0,5.4,Medium,Yes,1
26,Male,22.4,131.0,131.0,110.0,5.1,Medium,Yes,1
34,Male,22.1,136.0,133.0,117.0,5.4,,No,1
47,Female,25.8,139.0,135.0,134.0,5.1,Low,No,1
41,Male,22.5,151.0,127.0,130.0,12.6,Medium,Yes,1
71,Female,25.9,148.0,142.0,211.0,5.9,Low,No,1
41,Female,17.0,148.0,137.0,51.0,5.1,Medium,Yes,1
57,Female,21.3,146.0,138.0,143.0,9.3,Medium,Yes,1
55,Male,27.7,147.0,184.0,193.0,6.0,Low,No,1
54,Male,29.0,156.0,143.0,135.0,5.8,Medium,Yes,1
48,Male,30.7,139.0,147.0,128.0,6.2,Medium,No,1
40,Male,20.2,,130.0,124.0,5.8,High,No,0
54,Male,29.3,148.0,137.0,115.0,6.2,Medium,Yes,1
61,Female,20.9,126.0,147.0,64.0,5.4,Low,No,1
56,Female,27.3,154.0,134.0,170.0,5.7,Medium,Yes,1
33,Female,28.7,149.0,136.0,167.0,6.0,Medium,Yes,1
58,Male,24.9,121.0,131.0,158.0,5.2,Medium,No,0
53,Female,24.2,116.0,151.0,171.0,5.2,Medium,No,0
52,Female,26.1,148.0,159.0,127.0,5.5,Medium,Yes,1
45,Male,26.1,149.0,137.0,157.0,5.8,Medium,No,1
39,Female,31.3,169.0,165.0,205.0,6.2,Low,Yes,1
43,Male,29.9,95.0,136.0,191.0,4.8,Medium,No,0
32,Male,31.2,131.0,128.0,139.0,5.6,Low,No,1
41,Male,28.9,171.0,141.0,148.0,5.7,Low,No,1
36,Male,26.1,130.0,133.0,100.0,5.0,High,Yes,1
40,Male,22.0,123.0,151.0,164.0,5.2,Medium,No,0
58,Female,30.2,144.0,157.0,172.0,5.7,Medium,No,1
30,Male,28.4,138.0,136.0,89.0,5.2,Low,Yes,1
40,Male,25.3,146.0,126.0,203.0,5.5,Low,No,1
64,Female,25.4,158.0,147.0,168.0,5.8,Medium,No,1
41,Female,25.8,122.0,140.0,134.0,6.1,Medium,No,0
82,Male,26.5,159.0,158.0,121.0,6.2,Low,No,1
29,Female,22.6,140.0,132.0,121.0,5.3,Low,No,1
50,Female,30.4,174.0,132.0,176.0,6.4,Low,Yes,1
62,Female,17.0,158.0,143.0,158.0,5.8,Low,No,1
31,Male,21.7,103.0,151.0,187.0,5.7,High,No,0
38,Male,29.5,,125.0,158.0,,High,No,0
53,Female,23.7,122.0,153.0,107.0,4.8,Medium,No,0
39,Female,27.5,115.0,123.0,85.0,5.4,High,Yes,1
51,Male,43.7,126.0,144.0,80.0,5.5,Medium,No,1
50,Male,22.1,103.0,138.0,98.0,5.1,High,Yes,0
64,Male,25.9,122.0,155.0,150.0,6.1,Medium,No,0
43,Male,31.7,107.0,145.0,116.0,4.8,High,No,1
36,Female,25.8,131.0,135.0,125.0,5.3,Medium,No,1
40,Female,25.3,137.0,126.0,166.0,5.0,Medium,No,1
39,Female,30.8,132.0,138.0,178.0,5.3,Low,No,1
39,Female,19.4,138.0,154.0,92.0,5.7,Medium,Yes,1
36,Female,33.7,147.0,131.0,108.0,6.6,Medium,No,1
35,Female,26.5,121.0,140.0,100.0,5.3,Medium,No,0
26,Male,24.0,129.0,,91.0,5.3,High,No,1
40,Male,20.0,112.0,135.0,,5.0,Low,No,0
76,Female,39.5,142.0,173.0,211.0,6.3,Medium,No,1
63,Male,22.5,145.0,134.0,295.0,5.4,Low,,1
39,Female,22.3,149.0,124.0,121.0,6.0,Low,No,1
51,Female,29.6,166.0,149.0,121.0,6.2,Low,Yes,1
62,Male,,150.0,149.0,90.0,5.8,Low,Yes,1
43,Male,24.0,117.0,142.0,154.0,5.0,High,No,0
43,Female,28.7,137.0,154.0,117.0,5.1,High,No,1
20,Female,19.5,131.0,120.0,143.0,6.0,Medium,No,1
74,Female,27.1,149.0,146.0,,5.8,Medium,Yes,1
44,Female,42.7,143.0,150.0,112.0,5.5,Low,No,1
60,Male,,145.0,165.0,136.0,5.9,Medium,,1
42,Male,31.6,131.0,132.0,98.0,6.1,Medium,No,1
45,Female,22.7,143.0,143.0,80.0,5.9,Low,No,1
23,Male,23.5,121.0,130.0,127.0,5.4,Medium,Yes,1
49,Male,26.4,134.0,143.0,173.0,5.6,Medium,No,1
22,Male,20.0,117.0,129.0,99.0,5.1,Medium,No,0
42,Male,18.2,128.0,150.0,,5.2,Medium,No,1
61,Female,21.5,145.0,156.0,,6.0,Low,Yes,1
70,Male,24.5,157.0,147.0,72.0,5.7,Low,No,1
72,Female,27.8,158.0,157.0,133.0,6.0,Low,No,1
49,Male,,132.0,137.0,127.0,5.1,High,No,1
41,Male,17.0,137.0,152.0,147.0,5.1,Low,No,1
74,Male,32.7,189.0,136.0,225.0,6.9,Low,No,1
53,Female,24.7,,,770.0,5.6,Medium,Yes,0
49,Male,20.4,134.0,,147.0,5.6,Medium,No,1
56,Female,17.7,123.0,145.0,113.0,5.4,Medium,Yes,1
26,Male,24.6,122.0,114.0,217.0,5.4,Medium,Yes,1
41,Female,34.9,151.0,124.0,174.0,5.7,Medium,No,1
52,Female,21.3,135.0,142.0,64.0,5.8,Medium,Yes,1
28,Female,25.8,118.0,139.0,126.0,5.6,High,No,0
52,Male,27.0,157.0,150.0,114.0,6.0,Low,No,1
61,Female,30.4,144.0,147.0,209.0,5.2,High,No,1
60,Female,20.9,142.0,153.0,144.0,5.1,Low,No,1
40,Male,29.7,131.0,144.0,132.0,5.6,Medium,No,1
34,Male,21.7,162.0,142.0,180.0,5.7,Low,Yes,1
53,Male,31.8,146.0,,171.0,6.2,Medium,No,1
43,Male,22.6,128.0,,119.0,5.2,Medium,No,1
38,Female,17.4,136.0,132.0,108.0,5.8,Medium,No,1
22,Female,29.4,141.0,136.0,179.0,,High,Yes,1
34,Female,25.3,131.0,123.0,140.0,6.1,Low,No,1
79,Male,20.7,131.0,157.0,112.0,5.5,Medium,No,1
41,Male,24.6,116.0,128.0,134.0,4.6,Medium,No,0
34,Male,26.2,117.0,122.0,92.0,5.1,High,Yes,1
58,Female,29.5,146.0,150.0,63.0,6.1,High,Yes,1
57,Male,25.3,139.0,143.0,127.0,5.5,Medium,Yes,1
85,Female,27.0,178.0,149.0,135.0,6.7,Medium,No,1
53,Male,27.7,153.0,140.0,138.0,5.7,Medium,No,1
57,Male,30.9,175.0,151.0,166.0,6.2,Low,Yes,1
43,Female,32.3,158.0,155.0,160.0,5.7,Medium,No,1
40,Female,30.1,150.0,124.0,95.0,5.9,Medium,Yes,1
43,Male,27.9,123.0,124.0,108.0,6.3,Medium,No,0
48,Male,27.2,127.0,135.0,181.0,5.7,Medium,Yes,1
37,Female,28.2,150.0,137.0,177.0,10.1,Low,Yes,1
37,Female,33.5,166.0,150.0,172.0,5.8,Low,No,1
45,Male,27.1,128.0,161.0,109.0,5.3,Medium,No,1
58,Female,25.5,134.0,162.0,,5.4,Medium,Yes,1
18,Female,29.3,148.0,123.0,137.0,6.2,Medium,Yes,1
53,Male,26.2,154.0,123.0,103.0,6.1,Medium,Yes,1
51,Male,32.4,143.0,144.0,151.0,6.0,Low,Yes,1
33,Male,23.4,160.0,139.0,189.0,6.1,Low,No,1
47,Male,26.1,127.0,160.0,101.0,5.1,High,No,1
62,Female,20.9,123.0,150.0,156.0,5.0,Medium,No,0
33,Male,24.7,141.0,134.0,81.0,6.0,Low,Yes,1
57,Female,22.6,131.0,154.0,154.0,5.3,Low,No,1
75,Female,25.9,162.0,,162.0,6.0,Medium,No,1
42,Male,24.3,124.0,122.0,139.0,5.1,Medium,No,0
21,Male,24.9,102.0,122.0,124.0,4.7,High,Yes,0
34,Female,17.0,138.0,112.0,169.0,5.5,Low,Yes,1
43,Female,30.4,138.0,147.0,,5.9,Medium,No,1
66,Female,20.2,129.0,140.0,107.0,5.7,High,No,1
52,Female,20.1,186.0,162.0,167.0,5.5,Medium,Yes,1
29,Female,22.2,117.0,142.0,104.0,5.3,High,Yes,1
46,Female,19.7,120.0,142.0,93.0,4.7,Medium,No,0
44,Female,22.3,134.0,127.0,116.0,5.0,Medium,No,1
64,Female,24.7,127.0,155.0,126.0,5.2,,Yes,1
38,Male,20.0,122.0,122.0,126.0,4.9,Low,No,0
55,Male,25.8,145.0,154.0,143.0,5.4,Medium,No,1
18,Female,24.3,121.0,131.0,68.0,5.0,Medium,Yes,1
52,Male,26.1,125.0,153.0,110.0,5.0,Medium,Yes,1
37,Male,26.2,147.0,105.0,154.0,5.9,High,Yes,1
82,Female,29.0,139.0,164.0,128.0,5.9,Medium,Yes,1
60,Male,19.5,154.0,141.0,134.0,6.0,Low,No,1
37,Male,22.0,145.0,142.0,388.0,6.0,Medium,No,1
70,Male,21.7,123.0,152.0,150.0,4.4,High,No,0
49,Female,18.0,124.0,149.0,109.0,5.0,Low,No,0
60,Male,20.7,143.0,136.0,108.0,5.9,Low,No,1
35,Female,28.6,109.0,138.0,115.0,5.6,High,No,0
54,Male,28.6,140.0,149.0,132.0,5.2,Low,No,1
52,Female,21.9,130.0,130.0,,5.4,Low,No,1
33,Male,20.5,120.0,125.0,80.0,5.2,High,No,0
37,Female,29.2,292.0,155.0,103.0,6.3,Medium,Yes,1
48,Female,,146.0,150.0,177.0,6.0,Low,Yes,1
27,Male,29.6,131.0,136.0,369.0,5.4,,Yes,1
29,Female,27.4,118.0,126.0,147.0,4.9,High,No,0
48,Male,28.2,150.0,137.0,148.0,7.0,Low,Yes,1
46,Male,26.4,115.0,132.0,136.0,5.0,High,Yes,1
28,Female,23.6,156.0,139.0,75.0,,Low,Yes,1
67,Male,29.5,138.0,167.0,113.0,6.2,Medium,No,1
26,Female,,136.0,141.0,133.0,5.4,High,Yes,1
42,Female,36.3,139.0,135.0,137.0,5.7,Medium,No,1
66,Male,29.8,152.0,163.0,112.0,5.7,High,,1
47,Male,26.4,139.0,145.0,175.0,5.4,Low,No,1
41,Male,28.5,130.0,131.0,96.0,5.7,Low,No,1
53,Female,18.6,125.0,117.0,65.0,5.1,Medium,No,0
57,Male,26.8,121.0,163.0,103.0,4.9,Low,No,0
40,Female,25.5,127.0,146.0,146.0,4.8,Medium,No,1
50,Female,25.9,137.0,151.0,81.0,5.5,Medium,No,1
38,Male,27.4,138.0,146.0,123.0,5.4,Medium,Yes,1
49,Male,20.7,150.0,154.0,,3.4,Low,No,1
49,Male,30.2,131.0,154.0,173.0,5.8,Medium,No,1
31,Male,27.1,123.0,131.0,110.0,5.2,Medium,No,0
62,Female,32.1,170.0,149.0,179.0,6.1,Low,No,1
18,Female,25.1,119.0,125.0,158.0,,Medium,Yes,1
21,Male,20.1,113.0,125.0,111.0,4.5,Medium,No,0
59,Female,29.5,161.0,143.0,141.0,6.7,High,No,1
37,Female,33.4,149.0,139.0,115.0,5.3,Medium,No,1
52,Male,22.5,304.0,137.0,49.0,4.6,High,No,1
44,Female,19.1,149.0,139.0,98.0,5.4,Medium,Yes,1
41,Male,27.4,126.0,139.0,111.0,5.4,Medium,No,1
45,Male,21.4,139.0,117.0,103.0,5.7,Low,Yes,1
38,Male,27.9,124.0,145.0,157.0,5.3,Medium,No,0
72,Male,31.2,154.0,160.0,165.0,5.7,Medium,No,1
68,Male,33.1,167.0,163.0,160.0,5.5,Low,No,1
46,Female,27.2,141.0,141.0,135.0,6.2,Low,Yes,1
53,Male,27.8,150.0,149.0,128.0,6.1,Medium,No,1
49,Male,28.8,174.0,148.0,168.0,6.1,Low,Yes,1
48,Female,30.7,165.0,150.0,195.0,6.0,Low,Yes,1
61,Female,,138.0,148.0,152.0,5.8,Medium,No,1
38,Female,18.5,122.0,122.0,95.0,5.1,High,Yes,1
73,Female,27.5,154.0,153.0,159.0,6.1,Low,No,1
56,Female,21.5,101.0,154.0,148.0,4.6,High,No,0
53,Male,22.1,176.0,152.0,145.0,6.2,Low,Yes,1
40,Female,24.2,106.0,147.0,149.0,5.3,Medium,No,0
38,Female,32.1,127.0,143.0,164.0,4.8,High,Yes,1
37,Female,27.6,163.0,130.0,125.0,6.0,,No,1
41,Female,23.6,132.0,144.0,446.0,5.6,Medium,Yes,1
40,Male,29.6,140.0,153.0,200.0,5.8,High,Yes,1
76,Male,20.5,158.0,155.0,119.0,6.5,Medium,No,1
42,Female,25.8,125.0,153.0,20.0,5.9,Medium,No,0
27,Female,17.0,110.0,119.0,105.0,5.1,High,No,0
53,Male,17.5,115.0,135.0,78.0,4.8,High,No,0
60,Female,24.2,142.0,151.0,132.0,5.6,High,No,1
59,Male,,137.0,150.0,57.0,5.7,Medium,,1
24,Male,24.2,143.0,133.0,143.0,5.5,Low,No,1
33,Male,31.4,154.0,122.0,80.0,6.2,Medium,No,1
54,Female,33.5,141.0,151.0,170.0,5.4,High,No,1
57,Male,22.1,132.0,,107.0,4.9,High,Yes,1
51,Female,28.9,138.0,161.0,,5.8,Low,No,1
51,Male,17.0,102.0,127.0,97.0,4.9,High,Yes,0
18,Female,19.1,126.0,116.0,111.0,5.4,Medium,Yes,1
42,Male,20.8,141.0,136.0,110.0,6.1,High,Yes,1
61,Female,31.1,133.0,164.0,133.0,6.2,Medium,No,1
39,Male,29.2,128.0,135.0,106.0,5.0,Medium,No,1
48,Male,24.9,132.0,137.0,137.0,5.7,High,Yes,1
58,Female,22.1,136.0,139.0,162.0,4.8,Medium,Yes,1
47,Male,22.6,150.0,140.0,132.0,6.0,High,Yes,1
74,Female,29.2,158.0,144.0,174.0,6.3,Medium,Yes,1
55,Male,22.4,146.0,131.0,91.0,5.4,Medium,Yes,1
56,Male,31.9,142.0,163.0,168.0,5.9,Medium,Yes,1
34,Male,28.0,102.0,126.0,125.0,13.6,High,No,1
42,Female,23.1,120.0,131.0,77.0,5.3,High,No,0
57,Female,26.7,140.0,144.0,138.0,5.7,,No,1
30,Female,22.2,142.0,134.0,184.0,5.4,Medium,Yes,1
45,Female,35.1,145.0,127.0,121.0,6.3,Medium,No,1
43,Female,27.8,148.0,137.0,197.0,5.6,Medium,Yes,1
18,Male,17.0,124.0,119.0,108.0,12.0,Medium,No,1
58,Female,26.7,149.0,158.0,134.0,5.9,Low,No,1
32,Female,31.4,125.0,132.0,183.0,5.9,Medium,No,0
39,Female,28.8,139.0,138.0,150.0,6.3,Low,Yes,1
41,Male,25.5,148.0,123.0,161.0,5.0,Medium,Yes,1
48,Female,33.9,149.0,,224.0,6.2,Low,No,1
73,Male,33.1,170.0,138.0,145.0,5.9,Low,No,1
55,Female,23.0,125.0,135.0,100.0,5.0,Low,No,0
32,Male,30.2,135.0,142.0,150.0,5.9,Low,No,1
41,Female,23.7,142.0,147.0,138.0,5.6,Medium,No,1
55,Female,18.7,116.0,142.0,171.0,4.6,High,No,0
70,Female,23.4,138.0,154.0,108.0,5.9,Medium,No,1
54,Male,23.1,113.0,152.0,127.0,5.3,Medium,No,0
57,Female,22.5,105.0,145.0,128.0,,High,Yes,0
42,Male,15.3,148.0,134.0,167.0,5.5,Low,Yes,1
31,Male,26.8,124.0,144.0,335.0,5.2,High,Yes,1
63,Female,27.4,132.0,147.0,161.0,5.9,High,No,1
54,Female,36.7,132.0,154.0,129.0,5.2,Medium,No,1
72,Female,32.3,171.0,156.0,123.0,6.3,Low,Yes,1
48,Male,24.5,152.0,139.0,147.0,7.0,Low,No,1
50,Female,31.8,135.0,141.0,176.0,5.6,Medium,Yes,1
59,Male,34.0,148.0,145.0,118.0,6.0,Medium,Yes,1
73,Female,34.8,165.0,144.0,185.0,6.7,Medium,No,1
58,Female,53.3,149.0,,141.0,5.9,High,No,1
42,Male,20.7,98.0,137.0,144.0,4.4,Medium,No,0
62,Male,31.8,123.0,149.0,149.0,5.3,High,No,1
58,Male,,156.0,143.0,125.0,6.3,Medium,Yes,1
65,Male,30.3,146.0,167.0,142.0,6.2,Low,Yes,1
51,Female,24.9,144.0,138.0,161.0,5.7,Medium,No,1
44,Male,23.0,155.0,147.0,,5.8,Medium,No,1
62,Female,27.1,150.0,159.0,157.0,5.8,Medium,Yes,1
54,Male,25.9,118.0,148.0,154.0,5.1,Medium,No,0
33,Female,19.0,153.0,142.0,92.0,5.9,Low,Yes,1
